id,year,name,abbr,state,votes,parties
2004_AL,2004,"Bush, George W.",AL,Alabama,1176394,Republican
2004_AL,2004,"Kerry, John F.",AL,Alabama,693933,Democratic
2004_AL,2004,"Nader, Ralph",AL,Alabama,6701,Independent
2004_AL,2004,"Badnarik, Michael",AL,Alabama,3529,Independent
2004_AL,2004,"Peroutka, Michael",AL,Alabama,1994,Independent
2004_AK,2004,"Bush, George W.",AK,Alaska,190889,Republican
2004_AK,2004,"Kerry, John F.",AK,Alaska,111025,Democratic
2004_AK,2004,"Nader, Ralph",AK,Alaska,5069,Populist
2004_AK,2004,"Peroutka, Michael A.",AK,Alaska,2092,Alaskan Independence
2004_AK,2004,"Badnarik, Michael",AK,Alaska,1675,Alaska Libertarian
2004_AK,2004,"Cobb, David",AK,Alaska,1058,Green
2004_AZ,2004,"Bush, George W.",AZ,Arizona,1104294,Republican
2004_AZ,2004,"Kerry, John F.",AZ,Arizona,893524,Democratic
2004_AZ,2004,"Badnarik, Michael",AZ,Arizona,11856,Libertarian
2004_AZ,2004,"Nader, Ralph",AZ,Arizona,2773,Write-In
2004_AZ,2004,"Cobb, David",AZ,Arizona,138,Write-In
2004_AR,2004,"Bush, George W.",AR,Arkansas,572898,Republican
2004_AR,2004,"Kerry, John F.",AR,Arkansas,469953,Democratic
2004_AR,2004,"Nader, Ralph",AR,Arkansas,6171,Populist Party Of Arkansas
2004_AR,2004,"Badnarik, Michael",AR,Arkansas,2352,Libertarian
2004_AR,2004,"Peroutka, Michael Anthony",AR,Arkansas,2083,Constitutional
2004_AR,2004,"Cobb, David",AR,Arkansas,1488,Green Party Of Arkansas
2004_CA,2004,"Kerry, John F.",CA,California,6745485,Democratic
2004_CA,2004,"Bush, George W.",CA,California,5509826,Republican
2004_CA,2004,"Badnarik, Michael",CA,California,50165,Libertarian
2004_CA,2004,"Cobb, David",CA,California,40771,Green
2004_CA,2004,"Peltier, Leonard",CA,California,27607,Peace And Freedom
2004_CA,2004,"Peroutka, Michael Anthony",CA,California,26645,American Independent
2004_CA,2004,"Nader, Ralph",CA,California,21213,Write-In
2004_CA,2004,"Jabin, Anthony",CA,California,1,Write-In
2004_CA,2004,"Kennedy, John Joseph",CA,California,82,Write-In
2004_CA,2004,"Alexander-Pace, James",CA,California,8,Write-In
2004_CA,2004,"Parker, John",CA,California,49,Write-In
2004_CO,2004,"Bush, George W.",CO,Colorado,1101255,Republican
2004_CO,2004,"Kerry, John F.",CO,Colorado,1001732,Democratic
2004_CO,2004,"Nader, Ralph",CO,Colorado,12718,Colorado Reform Party
2004_CO,2004,"Badnarik, Michael",CO,Colorado,7664,Libertarian
2004_CO,2004,"Peroutka, Michael Anthony",CO,Colorado,2562,American Constitution Party
2004_CO,2004,"Cobb, David",CO,Colorado,1591,Green
2004_CO,2004,"Andress, Stanford E. (Andy)",CO,Colorado,804,Unaffiliated
2004_CO,2004,"Kennedy, John Joseph",CO,Colorado,700,Write-In
2004_CO,2004,"Amondson, Gene",CO,Colorado,378,Concerns Of People Party
2004_CO,2004,"Van Auken, Bill",CO,Colorado,329,Socialist Equality Party
2004_CO,2004,"Harris, James E.",CO,Colorado,241,Socialist Workers Party
2004_CO,2004,"Brown, Walter F.",CO,Colorado,216,Socialist Party USA
2004_CO,2004,"Dodge, Earl F.",CO,Colorado,140,Prohibition Party
2004_CT,2004,"Kerry, John F.",CT,Connecticut,857488,Democratic
2004_CT,2004,"Bush, George W.",CT,Connecticut,693826,Republican
2004_CT,2004,"Nader, Ralph",CT,Connecticut,12969,Politicos Son Corruptos
2004_CT,2004,"Cobb, David",CT,Connecticut,9564,Green
2004_CT,2004,"Badnarik, Michael",CT,Connecticut,3367,Libertarian
2004_CT,2004,"Peroutka, Michael A.",CT,Connecticut,1543,Concerned Citizens
2004_CT,2004,"Calero, Róger",CT,Connecticut,12,Write-In
2004_DE,2004,"Kerry, John F.",DE,Delaware,200152,Democratic
2004_DE,2004,"Bush, George W.",DE,Delaware,171660,Republican
2004_DE,2004,"Nader, Ralph",DE,Delaware,2153,Independent Party Of Delaware
2004_DE,2004,"Badnarik, Michael",DE,Delaware,586,Libertarian
2004_DE,2004,"Peroutka, Michael Anthony",DE,Delaware,289,Constitution
2004_DE,2004,"Cobb, David",DE,Delaware,250,Green
2004_DE,2004,"Brown, Walter F.",DE,Delaware,100,Natural Law
2004_DC,2004,"Kerry, John F.",DC,District of Columbia,202970,Democratic
2004_DC,2004,"Bush, George W.",DC,District of Columbia,21256,Republican
2004_DC,2004,"Nader, Ralph",DC,District of Columbia,1485,Independent
2004_DC,2004,"Cobb, David",DC,District of Columbia,737,D.C. Statehood Green
2004_DC,2004,"Badnarik, Michael",DC,District of Columbia,502,Libertarian
2004_DC,2004,"Harris, James",DC,District of Columbia,130,Socialist Workers Party
2004_FL,2004,"Bush, George W.",FL,Florida,3964522,Republican
2004_FL,2004,"Kerry, John F.",FL,Florida,3583544,Democratic
2004_FL,2004,"Nader, Ralph",FL,Florida,32971,Reform
2004_FL,2004,"Badnarik, Michael",FL,Florida,11996,Libertarian Party Of Florida
2004_FL,2004,"Peroutka, Michael A.",FL,Florida,6626,Constitution Party Of Florida
2004_FL,2004,"Cobb, David",FL,Florida,3917,Green Party Of Florida
2004_FL,2004,"Brown, Walter F.",FL,Florida,3502,Socialist Party Of Florida
2004_FL,2004,"Harris, James",FL,Florida,2732,Florida Socialist Workers
2004_GA,2004,"Bush, George W.",GA,Georgia,1914254,Republican
2004_GA,2004,"Kerry, John F.",GA,Georgia,1366149,Democratic
2004_GA,2004,"Badnarik, Michael",GA,Georgia,18387,Libertarian
2004_GA,2004,"Nader, Ralph",GA,Georgia,2231,Write-In
2004_GA,2004,"Peroutka, Michael A.",GA,Georgia,580,Write-In
2004_GA,2004,"Cobb, David",GA,Georgia,228,Write-In
2004_GA,2004,"Tancredo, Tom",GA,Georgia,26,Write-In
2004_GA,2004,"Kennedy, John J.",GA,Georgia,8,Write-In
2004_GA,2004,"Byrne, David",GA,Georgia,7,Write-In
2004_GA,2004,"Pace, James",GA,Georgia,5,Write-In
2004_HI,2004,"Kerry, John F.",HI,Hawaii,231708,Democratic
2004_HI,2004,"Bush, George W.",HI,Hawaii,194191,Republican
2004_HI,2004,"Cobb, David",HI,Hawaii,1737,Green
2004_HI,2004,"Badnarik, Michael",HI,Hawaii,1377,Libertarian
2004_ID,2004,"Bush, George W.",ID,Idaho,409235,Republican
2004_ID,2004,"Kerry, John F.",ID,Idaho,181098,Democratic
2004_ID,2004,"Badnarik, Michael",ID,Idaho,3844,Libertarian
2004_ID,2004,"Peroutka, Michael A.",ID,Idaho,3084,Constitution
2004_ID,2004,"Nader, Ralph",ID,Idaho,1115,Write-In
2004_ID,2004,"Cobb, David",ID,Idaho,58,Write-In
2004_ID,2004,"Kennedy, John Joseph",ID,Idaho,9,Write-In
2004_ID,2004,"Brown, Walt",ID,Idaho,3,Write-In
2004_ID,2004,"Merepeace-msmere, Reverend",ID,Idaho,1,Write-In
2004_IL,2004,"Kerry, John F.",IL,Illinois,2891550,Democratic
2004_IL,2004,"Bush, George W.",IL,Illinois,2345946,Republican
2004_IL,2004,"Badnarik, Michael",IL,Illinois,32442,Libertarian
2004_IL,2004,"Nader, Ralph",IL,Illinois,3571,Write-In
2004_IL,2004,"Peroutka, Michael Anthony",IL,Illinois,440,Write-In
2004_IL,2004,"Cobb, David",IL,Illinois,241,Write-In
2004_IL,2004,"Camejo, Peter M.",IL,Illinois,115,Write-In
2004_IL,2004,"Virag, Ernest",IL,Illinois,4,Write-In
2004_IL,2004,"Bone, Lawson",IL,Illinois,4,Write-In
2004_IL,2004,"Kennedy, John Joseph",IL,Illinois,3,Write-In
2004_IL,2004,"Cook, David",IL,Illinois,2,Write-In
2004_IL,2004,"Trowe, Margaret",IL,Illinois,1,Write-In
2004_IL,2004,"Kennedy, John",IL,Illinois,1,Write-In
2004_IL,2004,"Christensen, Robert M.",IL,Illinois,1,Write-In
2004_IL,2004,"Breivogel, Joann",IL,Illinois,1,Write-In
2004_IN,2004,"Bush, George Walker",IN,Indiana,1479438,Republican
2004_IN,2004,"Kerry, John F.",IN,Indiana,969011,Democratic
2004_IN,2004,"Badnarik, Michael",IN,Indiana,18058,Libertarian
2004_IN,2004,"Nader, Ralph",IN,Indiana,1328,Write-In
2004_IN,2004,"Cobb, David",IN,Indiana,102,Write-In
2004_IN,2004,"Kennedy, John Joseph",IN,Indiana,37,Write-In
2004_IN,2004,"Brown, Walt",IN,Indiana,22,Write-In
2004_IN,2004,"Bone, Lawson Mitchell",IN,Indiana,6,Write-In
2004_IA,2004,"Bush, George W.",IA,Iowa,751957,Republican
2004_IA,2004,"Kerry, John F.",IA,Iowa,741898,Democratic
2004_IA,2004,"Nader, Ralph",IA,Iowa,5973,Nominated By Petition
2004_IA,2004,"Badnarik, Michael",IA,Iowa,2992,Libertarian
2004_IA,2004,"Peroutka, Michael Anthony",IA,Iowa,1304,Constitution
2004_IA,2004,"Cobb, David",IA,Iowa,1141,Iowa Green Party
2004_IA,2004,"Harris, James",IA,Iowa,373,Socialist Workers Party
2004_IA,2004,"Van Auken, Bill",IA,Iowa,176,Nominated By Petition
2004_KS,2004,"Bush, George W.",KS,Kansas,736456,Republican
2004_KS,2004,"Kerry, John F.",KS,Kansas,434993,Democratic
2004_KS,2004,"Nader, Ralph",KS,Kansas,9348,Reform
2004_KS,2004,"Badnarik, Michael",KS,Kansas,4013,Libertarian
2004_KS,2004,"Peroutka, Michael A.",KS,Kansas,2899,Independent
2004_KS,2004,"Cobb, David",KS,Kansas,33,Write-In
2004_KS,2004,"Van Auken, Bill",KS,Kansas,5,Write-In
2004_KS,2004,"Kennedy, John Joseph",KS,Kansas,5,Write-In
2004_KS,2004,"Brown, Walt",KS,Kansas,4,Write-In
2004_KY,2004,"Bush, George W.",KY,Kentucky,1069439,Republican
2004_KY,2004,"Kerry, John F.",KY,Kentucky,712733,Democratic
2004_KY,2004,"Nader, Ralph",KY,Kentucky,8856,Independent
2004_KY,2004,"Badnarik, Michael",KY,Kentucky,2619,Libertarian
2004_KY,2004,"Peroutka, Michael Anthony",KY,Kentucky,2213,Constitution
2004_KY,2004,"Brown, Walt",KY,Kentucky,13,Write-In
2004_KY,2004,"Kennedy, John Joseph",KY,Kentucky,9,Write-In
2004_LA,2004,"Bush, George W.",LA,Louisiana,1102169,Republican
2004_LA,2004,"Kerry, John F.",LA,Louisiana,820299,Democratic
2004_LA,2004,"Nader, Ralph",LA,Louisiana,7032,The Better Life
2004_LA,2004,"Peroutka, Michael A.",LA,Louisiana,5203,Constitution
2004_LA,2004,"Badnarik, Michael",LA,Louisiana,2781,Libertarian
2004_LA,2004,"Brown, Walter F.",LA,Louisiana,1795,Protect Working Families
2004_LA,2004,"Amondson, Gene",LA,Louisiana,1566,Prohibition Party
2004_LA,2004,"Cobb, David",LA,Louisiana,1276,Louisiana Green Party
2004_LA,2004,"Harris, James",LA,Louisiana,985,Socialist Workers Party
2004_ME,2004,"Kerry, John F.",ME,Maine,396842,Democratic
2004_ME,2004,"Bush, George W.",ME,Maine,330201,Republican
2004_ME,2004,"Nader, Ralph",ME,Maine,8069,The Better Life
2004_ME,2004,"Cobb, David",ME,Maine,2936,Green Independent
2004_ME,2004,"Badnarik, Michael",ME,Maine,1965,Libertarian
2004_ME,2004,"Peroutka, Michael",ME,Maine,735,Constitution
2004_MD,2004,"Kerry, John F.",MD,Maryland,1334493,Democratic
2004_MD,2004,"Bush, George W.",MD,Maryland,1024703,Republican
2004_MD,2004,"Nader, Ralph",MD,Maryland,11854,Populist
2004_MD,2004,"Badnarik, Michael",MD,Maryland,6094,Libertarian
2004_MD,2004,"Cobb, David",MD,Maryland,3632,Green
2004_MD,2004,"Peroutka, Michael Anthony",MD,Maryland,3421,Constitution
2004_MD,2004,"Schriner, Joe",MD,Maryland,27,Write-In
2004_MD,2004,"Kennedy, John Joseph",MD,Maryland,7,Write-In
2004_MD,2004,"Brown, Theodis (Ted), Sr.",MD,Maryland,4,Write-In
2004_MD,2004,"Bone, Lawson Mitchell",MD,Maryland,2,Write-In
2004_MD,2004,"Boyle, Robert Abraham, II",MD,Maryland,1,Write-In
2004_MA,2004,"Kerry, John F.",MA,Massachusetts,1803800,Democratic
2004_MA,2004,"Bush, George W.",MA,Massachusetts,1071109,Republican
2004_MA,2004,"Badnarik, Michael",MA,Massachusetts,15022,Libertarian
2004_MA,2004,"Cobb, David",MA,Massachusetts,10623,Green-Rainbow
2004_MA,2004,"Nader, Ralph",MA,Massachusetts,4806,Write-In
2004_MI,2004,"Kerry, John F.",MI,Michigan,2479183,Democratic
2004_MI,2004,"Bush, George W.",MI,Michigan,2313746,Republican
2004_MI,2004,"Nader, Ralph",MI,Michigan,24035,Independent
2004_MI,2004,"Badnarik, Michael",MI,Michigan,10552,Libertarian
2004_MI,2004,"Cobb, David",MI,Michigan,5325,Green
2004_MI,2004,"Peroutka, Michael Anthony",MI,Michigan,4980,U.S. Taxpayers
2004_MI,2004,"Brown, Walter",MI,Michigan,1431,Natural Law
2004_MN,2004,"Kerry, John F.",MN,Minnesota,1445014,Democratic-Farmer Labor
2004_MN,2004,"Bush, George W.",MN,Minnesota,1346695,Republican
2004_MN,2004,"Nader, Ralph",MN,Minnesota,18683,The Better Life
2004_MN,2004,"Badnarik, Michael",MN,Minnesota,4639,Libertarian
2004_MN,2004,"Cobb, David",MN,Minnesota,4408,Green
2004_MN,2004,"Peroutka, Michael",MN,Minnesota,3074,Constitution
2004_MN,2004,"Harens, Thomas J.",MN,Minnesota,2387,Christian Freedom
2004_MN,2004,"Van Auken, Bill",MN,Minnesota,539,Socialist Equality Party
2004_MN,2004,"Calero, Róger",MN,Minnesota,416,Socialist Workers Party
2004_MN,2004,"Kennedy, John Joseph",MN,Minnesota,4,Write-In
2004_MN,2004,"Wishnatsky, Martin",MN,Minnesota,2,Write-In
2004_MN,2004,"Renderos, Debra Joyce",MN,Minnesota,2,Write-In
2004_MN,2004,"Brown, Walt",MN,Minnesota,2,Write-In
2004_MN,2004,"Graham-Pendergast, Joy Elaina",MN,Minnesota,1,Write-In
2004_MS,2004,"Bush, George W.",MS,Mississippi,684981,Republican
2004_MS,2004,"Kerry, John F.",MS,Mississippi,458094,Democratic
2004_MS,2004,"Nader, Ralph",MS,Mississippi,3177,Reform
2004_MS,2004,"Badnarik, Michael",MS,Mississippi,1793,Libertarian
2004_MS,2004,"Peroutka, Michael A.",MS,Mississippi,1759,Constitution
2004_MS,2004,"Harris, James",MS,Mississippi,1268,Independent
2004_MS,2004,"Cobb, David",MS,Mississippi,1073,Green
2004_MO,2004,"Bush, George W.",MO,Missouri,1455713,Republican
2004_MO,2004,"Kerry, John F.",MO,Missouri,1259171,Democratic
2004_MO,2004,"Badnarik, Michael",MO,Missouri,9831,Libertarian
2004_MO,2004,"Peroutka, Michael A.",MO,Missouri,5355,Constitution
2004_MO,2004,"Nader, Ralph",MO,Missouri,1294,Write-In
2004_MT,2004,"Bush, George W.",MT,Montana,266063,Republican
2004_MT,2004,"Kerry, John",MT,Montana,173710,Democratic
2004_MT,2004,"Nader, Ralph",MT,Montana,6168,Independent
2004_MT,2004,"Peroutka, Michael A.",MT,Montana,1764,Constitution
2004_MT,2004,"Badnarik, Michael",MT,Montana,1733,Libertarian
2004_MT,2004,"Cobb, David",MT,Montana,996,Green
2004_MT,2004,"Kennedy, John Joseph",MT,Montana,6,Write-In
2004_MT,2004,"Beattie, Robert Leslie",MT,Montana,3,Write-In
2004_MT,2004,"Brown, Walter Frederick",MT,Montana,2,Write-In
2004_NE,2004,"Bush, George W.",NE,Nebraska,512814,Republican
2004_NE,2004,"Kerry, John F.",NE,Nebraska,254328,Democratic
2004_NE,2004,"Nader, Ralph",NE,Nebraska,5698,By Petition
2004_NE,2004,"Badnarik, Michael",NE,Nebraska,2041,Libertarian
2004_NE,2004,"Peroutka, Michael A.",NE,Nebraska,1314,Nebraska Party
2004_NE,2004,"Cobb, David",NE,Nebraska,978,Green
2004_NE,2004,"Calero, Róger",NE,Nebraska,82,By Petition
2004_NV,2004,"Bush, George W.",NV,Nevada,418690,Republican
2004_NV,2004,"Kerry, John F.",NV,Nevada,397190,Democratic
2004_NV,2004,"Nader, Ralph",NV,Nevada,4838,Independent
2004_NV,2004,"Badnarik, Michael",NV,Nevada,3176,Libertarian
2004_NV,2004,"Peroutka, Michael A.",NV,Nevada,1152,Independent American
2004_NV,2004,"Cobb, David",NV,Nevada,853,Green
2004_NH,2004,"Kerry, John F.",NH,New Hampshire,340511,Democratic
2004_NH,2004,"Bush, George W.",NH,New Hampshire,331237,Republican
2004_NH,2004,"Nader, Ralph",NH,New Hampshire,4479,Independent
2004_NH,2004,"Badnarik, Michael",NH,New Hampshire,372,Write-In
2004_NH,2004,"McCain, John",NH,New Hampshire,357,Write-In
2004_NH,2004,"Peroutka, Michael A.",NH,New Hampshire,161,Write-In
2004_NH,2004,"Dean, Howard",NH,New Hampshire,42,Write-In
2004_NH,2004,"Clark, Wesley",NH,New Hampshire,14,Write-In
2004_NH,2004,"Powell, Wesley",NH,New Hampshire,14,Write-In
2004_NH,2004,"Kucinich, Dennis",NH,New Hampshire,8,Write-In
2004_NH,2004,"Edwards, John",NH,New Hampshire,5,Write-In
2004_NJ,2004,"Kerry, John F.",NJ,New Jersey,1911430,Democratic
2004_NJ,2004,"Bush, George W.",NJ,New Jersey,1670003,Republican
2004_NJ,2004,"Nader, Ralph",NJ,New Jersey,19418,Independent
2004_NJ,2004,"Badnarik, Michael",NJ,New Jersey,4514,Libertarian
2004_NJ,2004,"Peroutka, Michael A.",NJ,New Jersey,2750,Constitution
2004_NJ,2004,"Cobb, David",NJ,New Jersey,1807,Green
2004_NJ,2004,"Brown, Walter",NJ,New Jersey,664,Socialist Party USA
2004_NJ,2004,"Van Auken, Bill",NJ,New Jersey,575,Socialist Equality Party
2004_NJ,2004,"Calero, Róger",NJ,New Jersey,530,Socialist Workers Party
2004_NM,2004,"Bush, George W.",NM,New Mexico,376930,Republican
2004_NM,2004,"Kerry, John F.",NM,New Mexico,370942,Democratic
2004_NM,2004,"Nader, Ralph",NM,New Mexico,4053,Independent
2004_NM,2004,"Badnarik, Michael",NM,New Mexico,2382,Libertarian
2004_NM,2004,"Cobb, David",NM,New Mexico,1226,Green
2004_NM,2004,"Peroutka, Michael",NM,New Mexico,771,Constitution
2004_NY,2004,"Kerry, John F.",NY,New York,4314280,"Democratic,Working Families"
2004_NY,2004,"Bush, George W.",NY,New York,2962567,"Republican,Conservative"
2004_NY,2004,"Nader, Ralph",NY,New York,99873,"Independence,Peace And Justice"
2004_NY,2004,"Badnarik, Michael",NY,New York,11607,Libertarian
2004_NY,2004,"Calero, Róger",NY,New York,2405,Socialist Workers Party
2004_NY,2004,"Peroutka, Michael A.",NY,New York,207,Write-In
2004_NY,2004,"Cobb, David",NY,New York,87,Write-In
2004_NY,2004,"Kennedy, John Joseph",NY,New York,4,Write-In
2004_NY,2004,"Halpin, Michael",NY,New York,4,Write-In
2004_NY,2004,"Van Auken, Bill",NY,New York,2,Write-In
2004_NC,2004,"Bush, George W.",NC,North Carolina,1961166,Republican
2004_NC,2004,"Kerry, John F.",NC,North Carolina,1525849,Democratic
2004_NC,2004,"Badnarik, Michael",NC,North Carolina,11731,Libertarian
2004_NC,2004,"Nader, Ralph",NC,North Carolina,1805,Write-In
2004_NC,2004,"Brown, Walt",NC,North Carolina,348,Write-In
2004_NC,2004,"Cobb, David",NC,North Carolina,108,Write-In
2004_ND,2004,"Bush, George W.",ND,North Dakota,196651,Republican
2004_ND,2004,"Kerry, John F.",ND,North Dakota,111052,Democratic-Nonpartisan League
2004_ND,2004,"Nader, Ralph",ND,North Dakota,3756,Independent
2004_ND,2004,"Badnarik, Michael",ND,North Dakota,851,Libertarian
2004_ND,2004,"Peroutka, Michael A.",ND,North Dakota,514,Constitution
2004_ND,2004,"Wishnatsky, Martin",ND,North Dakota,9,Write-In
2004_OH,2004,"Bush, George W.",OH,Ohio,2859768,Republican
2004_OH,2004,"Kerry, John F.",OH,Ohio,2741167,Democratic
2004_OH,2004,"Badnarik, Michael",OH,Ohio,14676,Nonpartisan
2004_OH,2004,"Peroutka, Michael Anthony",OH,Ohio,11939,Nonpartisan
2004_OH,2004,"Cobb, David Keith",OH,Ohio,192,Write-In
2004_OH,2004,"Schriner, Joe",OH,Ohio,114,Write-In
2004_OH,2004,"Harris, James",OH,Ohio,22,Write-In
2004_OH,2004,"Duncan, Richard A.",OH,Ohio,17,Write-In
2004_OH,2004,"Zych, Thomas F.",OH,Ohio,11,Write-In
2004_OH,2004,"Parker, John T.",OH,Ohio,2,Write-In
2004_OK,2004,"Bush, George W.",OK,Oklahoma,959792,Republican
2004_OK,2004,"Kerry, John F.",OK,Oklahoma,503966,Democratic
2004_OR,2004,"Kerry, John F.",OR,Oregon,943163,Democratic
2004_OR,2004,"Bush, George W.",OR,Oregon,866831,Republican
2004_OR,2004,"Badnarik, Michael",OR,Oregon,7260,Libertarian
2004_OR,2004,"Cobb, David",OR,Oregon,5315,Pacific Green
2004_OR,2004,"Peroutka, Michael Anthony",OR,Oregon,5257,Constitution
2004_PA,2004,"Kerry, John F.",PA,Pennsylvania,2938095,Democratic
2004_PA,2004,"Bush, George W.",PA,Pennsylvania,2793847,Republican
2004_PA,2004,"Badnarik, Michael",PA,Pennsylvania,21185,Libertarian
2004_PA,2004,"Cobb, David K.",PA,Pennsylvania,6319,Green
2004_PA,2004,"Peroutka, Michael Anthony",PA,Pennsylvania,6318,Constitution
2004_PA,2004,"Nader, Ralph",PA,Pennsylvania,2656,Write-In
2004_RI,2004,"Kerry, John F.",RI,Rhode Island,259765,"Democratic,Write-In"
2004_RI,2004,"Bush, George W.",RI,Rhode Island,169046,Republican
2004_RI,2004,"Nader, Ralph",RI,Rhode Island,4661,"Reform,Write-In"
2004_RI,2004,"Cobb, David",RI,Rhode Island,1333,Green
2004_RI,2004,"Badnarik, Michael",RI,Rhode Island,907,Libertarian
2004_RI,2004,"Peroutka, Michael A.",RI,Rhode Island,339,Constitution
2004_RI,2004,"McCain, John",RI,Rhode Island,284,Write-In
2004_RI,2004,"Parker, John",RI,Rhode Island,253,
2004_RI,2004,"Powell, Colin",RI,Rhode Island,35,Write-In
2004_RI,2004,"Chafee, Lincoln",RI,Rhode Island,12,Write-In
2004_RI,2004,"Dean, Howard",RI,Rhode Island,12,Write-In
2004_RI,2004,"Buchanan, Patrick",RI,Rhode Island,10,Write-In
2004_RI,2004,"Bush, George, Sr.",RI,Rhode Island,9,Write-In
2004_RI,2004,"Guilliani, Rudy",RI,Rhode Island,9,Write-In
2004_RI,2004,"Clinton, Hillary",RI,Rhode Island,8,Write-In
2004_RI,2004,"Kucinich, Dennis J.",RI,Rhode Island,8,Write-In
2004_RI,2004,"Clinton, Bill",RI,Rhode Island,7,Write-In
2004_RI,2004,"Lieberman, Joseph",RI,Rhode Island,6,Write-In
2004_RI,2004,"Mouse, Mickey",RI,Rhode Island,6,Write-In
2004_RI,2004,"Shilling, Curt",RI,Rhode Island,6,Write-In
2004_RI,2004,None of the Above,RI,Rhode Island,5,Write-In
2004_SC,2004,"Bush, George W.",SC,South Carolina,937974,Republican
2004_SC,2004,"Kerry, John F.",SC,South Carolina,661699,Democratic
2004_SC,2004,"Nader, Ralph",SC,South Carolina,5520,Independence
2004_SC,2004,"Peroutka, Michael",SC,South Carolina,5317,Constitution
2004_SC,2004,"Badnarik, Michael",SC,South Carolina,3608,Libertarian
2004_SC,2004,"Brown, Walter F. ""Walt""",SC,South Carolina,2124,United Citizens
2004_SC,2004,"Cobb, David",SC,South Carolina,1488,Green
2004_SD,2004,"Bush, George W.",SD,South Dakota,232584,Republican
2004_SD,2004,"Kerry, John F.",SD,South Dakota,149244,Democratic
2004_SD,2004,"Nader, Ralph",SD,South Dakota,4320,Independent
2004_SD,2004,"Peroutka, Michael A.",SD,South Dakota,1103,Constitution
2004_SD,2004,"Badnarik, Michael",SD,South Dakota,964,Libertarian
2004_TN,2004,"Bush, George W.",TN,Tennessee,1384375,Republican
2004_TN,2004,"Kerry, John F.",TN,Tennessee,1036477,Democratic
2004_TN,2004,"Nader, Ralph",TN,Tennessee,8992,Independent
2004_TN,2004,"Badnarik, Michael",TN,Tennessee,4866,Independent
2004_TN,2004,"Peroutka, Michael Anthony",TN,Tennessee,2570,Independent
2004_TN,2004,"Cobb, David",TN,Tennessee,33,Write-In
2004_TN,2004,"Brown, Walt",TN,Tennessee,6,Write-In
2004_TX,2004,"Bush, George W.",TX,Texas,4526917,Republican
2004_TX,2004,"Kerry, John F.",TX,Texas,2832704,Democratic
2004_TX,2004,"Badnarik, Michael",TX,Texas,38787,Libertarian
2004_TX,2004,"Nader, Ralph",TX,Texas,9159,Write-In
2004_TX,2004,"Peroutka, Michael Anthony",TX,Texas,1636,Write-In
2004_TX,2004,"Cobb, David Keith",TX,Texas,1014,Write-In
2004_TX,2004,"Falk, Andrew J.",TX,Texas,219,Write-In
2004_TX,2004,"Kennedy, John Joseph",TX,Texas,126,Write-In
2004_TX,2004,"Brown, Walt",TX,Texas,111,Write-In
2004_TX,2004,"Allen, Deborah Elaine",TX,Texas,92,Write-In
2004_UT,2004,"Bush, George W.",UT,Utah,663742,Republican
2004_UT,2004,"Kerry, John F.",UT,Utah,241199,Democratic
2004_UT,2004,"Nader, Ralph",UT,Utah,11305,Unaffiliated
2004_UT,2004,"Peroutka, Michael Anthony",UT,Utah,6841,Constitution
2004_UT,2004,"Badnarik, Michael",UT,Utah,3375,Libertarian
2004_UT,2004,"Jay, Charles",UT,Utah,946,Personal Choice
2004_UT,2004,"Harris, James",UT,Utah,393,Socialist Workers Party
2004_UT,2004,"Cobb, David",UT,Utah,39,Write-In
2004_UT,2004,"Topham, Lawrence Rey",UT,Utah,2,Write-In
2004_UT,2004,"Schriner, Joe",UT,Utah,1,Write-In
2004_UT,2004,"Kennedy, John Joseph",UT,Utah,1,Write-In
2004_VT,2004,"Kerry, John F.",VT,Vermont,184067,Democratic
2004_VT,2004,"Bush, George W.",VT,Vermont,121180,Republican
2004_VT,2004,"Nader, Ralph",VT,Vermont,4494,Independent
2004_VT,2004,"Badnarik, Michael",VT,Vermont,1102,Libertarian
2004_VT,2004,"Parker, John Thompson",VT,Vermont,265,Liberty Union
2004_VT,2004,"Calero, Róger",VT,Vermont,244,Socialist Workers Party
2004_VA,2004,"Bush, George W.",VA,Virginia,1716959,Republican
2004_VA,2004,"Kerry, John F.",VA,Virginia,1454742,Democratic
2004_VA,2004,"Badnarik, Michael",VA,Virginia,11032,Libertarian
2004_VA,2004,"Peroutka, Michael A.",VA,Virginia,10161,Constitution
2004_VA,2004,"Nader, Ralph",VA,Virginia,2393,Write-In
2004_VA,2004,"Cobb, David",VA,Virginia,104,Write-In
2004_VA,2004,"Brown, Walter F.",VA,Virginia,23,Write-In
2004_VA,2004,"Spence, Joseph",VA,Virginia,1,Write-In
2004_WA,2004,"Kerry, John",WA,Washington,1510201,Democratic
2004_WA,2004,"Bush, George",WA,Washington,1304894,Republican
2004_WA,2004,"Nader, Ralph",WA,Washington,23283,Independent
2004_WA,2004,"Badnarik, Michael",WA,Washington,11955,Libertarian
2004_WA,2004,"Peroutka, Michael Anthony",WA,Washington,3922,Constitution
2004_WA,2004,"Cobb, David",WA,Washington,2974,Green
2004_WA,2004,"Parker, John",WA,Washington,1077,
2004_WA,2004,"Harris, James",WA,Washington,547,Socialist Workers Party
2004_WA,2004,"Van Auken, Bill",WA,Washington,231,Socialist Equality Party
2004_WV,2004,"Bush, George W.",WV,West Virginia,423778,Republican
2004_WV,2004,"Kerry, John F.",WV,West Virginia,326541,Democratic
2004_WV,2004,"Nader, Ralph",WV,West Virginia,4063,Independent
2004_WV,2004,"Badnarik, Michael",WV,West Virginia,1405,Libertarian
2004_WV,2004,"Peroutka, Michael",WV,West Virginia,82,Write-In
2004_WV,2004,"Kennedy, John",WV,West Virginia,13,Write-In
2004_WV,2004,"Cobb, David",WV,West Virginia,5,Write-In
2004_WI,2004,"Kerry, John F.",WI,Wisconsin,1489504,Democratic
2004_WI,2004,"Bush, George W.",WI,Wisconsin,1478120,Republican
2004_WI,2004,"Nader, Ralph",WI,Wisconsin,16390,The Better Life
2004_WI,2004,"Badnarik, Michael",WI,Wisconsin,6464,Libertarian
2004_WI,2004,"Cobb, David",WI,Wisconsin,2661,Wisconsin Greens
2004_WI,2004,"Brown, Walter F.",WI,Wisconsin,471,Socialist Party Of Wisconsin
2004_WI,2004,"Harris, James",WI,Wisconsin,411,Socialist Workers Party
2004_WY,2004,"Bush, George W.",WY,Wyoming,167629,Republican
2004_WY,2004,"Kerry, John F.",WY,Wyoming,70776,Democratic
2004_WY,2004,"Nader, Ralph",WY,Wyoming,2741,Independent
2004_WY,2004,"Badnarik, Michael",WY,Wyoming,1171,Libertarian
2004_WY,2004,"Peroutka, Michael A.",WY,Wyoming,631,Independent
2008_AL,2008,"McCain, John",AL,Alabama,1266546,Republican
2008_AL,2008,"Obama, Barack",AL,Alabama,813479,Democratic
2008_AL,2008,"Nader, Ralph",AL,Alabama,6788,Independent
2008_AL,2008,"Barr, Bob",AL,Alabama,4991,Independent
2008_AL,2008,"Baldwin, Chuck",AL,Alabama,4310,Independent
2008_AK,2008,"McCain, John",AK,Alaska,193841,Republican
2008_AK,2008,"Obama, Barack",AK,Alaska,123594,Democratic
2008_AK,2008,"Nader, Ralph",AK,Alaska,3783,Independent
2008_AK,2008,"Baldwin, Chuck",AK,Alaska,1660,Alaskan Independence
2008_AK,2008,"Barr, Bob",AK,Alaska,1589,Libertarian
2008_AZ,2008,"McCain, John",AZ,Arizona,1230111,Republican
2008_AZ,2008,"Obama, Barack",AZ,Arizona,1034707,Democratic
2008_AZ,2008,"Barr, Bob",AZ,Arizona,12555,Libertarian
2008_AZ,2008,"Nader, Ralph",AZ,Arizona,11301,Independent
2008_AZ,2008,"McKinney, Cynthia",AZ,Arizona,3406,Green
2008_AZ,2008,"Baldwin, Chuck",AZ,Arizona,1371,Write-In
2008_AZ,2008,"Jay, Charles",AZ,Arizona,16,Write-In
2008_AZ,2008,"Allen, Jonathan",AZ,Arizona,8,Write-In
2008_AR,2008,"McCain, John",AR,Arkansas,638017,Republican
2008_AR,2008,"Obama, Barack",AR,Arkansas,422310,Democratic
2008_AR,2008,"Nader, Ralph",AR,Arkansas,12882,Independent
2008_AR,2008,"Barr, Bob",AR,Arkansas,4776,Libertarian
2008_AR,2008,"Baldwin, Chuck",AR,Arkansas,4023,Constitution
2008_AR,2008,"McKinney, Cynthia",AR,Arkansas,3470,Green
2008_AR,2008,"La Riva, Gloria",AR,Arkansas,1139,Socialism and Liberation Party
2008_CA,2008,"Obama, Barack",CA,California,8274473,Democratic
2008_CA,2008,"McCain, John",CA,California,5011781,Republican
2008_CA,2008,"Nader, Ralph",CA,California,108381,Peace And Freedom
2008_CA,2008,"Barr, Bob",CA,California,67582,Libertarian
2008_CA,2008,"Keyes, Alan",CA,California,40673,American Independent
2008_CA,2008,"McKinney, Cynthia",CA,California,38774,Green
2008_CA,2008,"Paul, Ron",CA,California,17006,Write-In
2008_CA,2008,"Baldwin, Chuck",CA,California,3145,Write-In
2008_CA,2008,"Harris, James",CA,California,49,Write-In
2008_CA,2008,"Moore, Frank",CA,California,36,Write-In
2008_CO,2008,"Obama, Barack",CO,Colorado,1288633,Democratic
2008_CO,2008,"McCain, John",CO,Colorado,1073629,Republican
2008_CO,2008,"Nader, Ralph",CO,Colorado,13352,Unaffiliated
2008_CO,2008,"Barr, Bob",CO,Colorado,10898,Libertarian Party of Colorado
2008_CO,2008,"Baldwin, Chuck",CO,Colorado,6233,Constitution
2008_CO,2008,"Keyes, Alan",CO,Colorado,3051,America’s Independent
2008_CO,2008,"McKinney, Cynthia",CO,Colorado,2822,Green Party of Colorado
2008_CO,2008,"McEnulty, Frank Edward",CO,Colorado,829,Unaffiliated
2008_CO,2008,"Jay, Charles",CO,Colorado,598,Boston Tea Party
2008_CO,2008,"Allen, Jonathan E.",CO,Colorado,348,HeartQuake ‘08
2008_CO,2008,"Stevens, Thomas Robert",CO,Colorado,336,Objectivist Party
2008_CO,2008,"Moore, Brian",CO,Colorado,226,Socialist Party USA
2008_CO,2008,"La Riva, Gloria",CO,Colorado,158,Socialism and Liberation Party
2008_CO,2008,"Harris, James",CO,Colorado,154,Socialist Workers Party
2008_CO,2008,"Lyttle, Bradford",CO,Colorado,110,U.S. Pacificist Party
2008_CO,2008,"Amondson, Gene C.",CO,Colorado,85,Prohibition Party
2008_CT,2008,"Obama, Barack",CT,Connecticut,997772,Democratic
2008_CT,2008,"McCain, John",CT,Connecticut,629428,Republican
2008_CT,2008,"Nader, Ralph",CT,Connecticut,19162,Independent
2008_CT,2008,"Baldwin, Chuck",CT,Connecticut,311,Write-In
2008_CT,2008,"McKinney, Cynthia",CT,Connecticut,90,Write-In
2008_CT,2008,"Moore, Brian",CT,Connecticut,19,Write-In
2008_CT,2008,"Calero, Roger",CT,Connecticut,15,Write-In
2008_DE,2008,"Obama, Barack",DE,Delaware,255459,Democratic
2008_DE,2008,"McCain, John",DE,Delaware,152374,Republican
2008_DE,2008,"Nader, Ralph",DE,Delaware,2401,Independent Party of Delaware
2008_DE,2008,"Barr, Bob",DE,Delaware,1109,Libertarian
2008_DE,2008,"Baldwin, Chuck",DE,Delaware,626,Constitution
2008_DE,2008,"McKinney, Cynthia A.",DE,Delaware,385,Green
2008_DE,2008,"Calero, Roger",DE,Delaware,58,Socialist Workers Party
2008_DC,2008,"Obama, Barack",DC,District of Columbia,245800,Democratic
2008_DC,2008,"McCain, John",DC,District of Columbia,17367,Republican
2008_DC,2008,"Nader, Ralph",DC,District of Columbia,958,Independent
2008_DC,2008,"McKinney, Cynthia",DC,District of Columbia,590,D.C. Statehood Green
2008_FL,2008,"Obama, Barack",FL,Florida,4282074,Democratic
2008_FL,2008,"McCain, John",FL,Florida,4045624,Republican
2008_FL,2008,"Nader, Ralph",FL,Florida,28124,Ecology Party of Florida
2008_FL,2008,"Barr, Bob",FL,Florida,17218,Libertarian Party of Florida
2008_FL,2008,"Baldwin, Chuck",FL,Florida,7915,Constitution Party of Florida
2008_FL,2008,"McKinney, Cynthia",FL,Florida,2887,Green Party of Florida
2008_FL,2008,"Keyes, Alan",FL,Florida,2550,America’s Independent Party of Florida
2008_FL,2008,"La Riva, Gloria",FL,Florida,1516,Party for Socialism and Liberation-Florida
2008_FL,2008,"Jay, Charles",FL,Florida,795,Boston Tea Party
2008_FL,2008,"Harris, James",FL,Florida,533,Florida Socialist Workers
2008_FL,2008,"Stevens, Thomas Robert",FL,Florida,419,Objectivist Party of Florida
2008_FL,2008,"Moore, Brian",FL,Florida,405,Socialist Party of Florida
2008_FL,2008,"Nettles, Gary",FL,Florida,391,Write-In
2008_FL,2008,"Amondson, Gene",FL,Florida,293,Prohibition Party
2008_GA,2008,"McCain, John",GA,Georgia,2048759,Republican
2008_GA,2008,"Obama, Barack",GA,Georgia,1844123,Democratic
2008_GA,2008,"Barr, Bob",GA,Georgia,28731,Libertarian
2008_GA,2008,"Baldwin, Chuck",GA,Georgia,1402,Write-In
2008_GA,2008,"Nader, Ralph",GA,Georgia,1158,Write-In
2008_GA,2008,"McKinney, Cynthia",GA,Georgia,250,Write-In
2008_GA,2008,"Peroutka, Michael A.",GA,Georgia,23,Write-In
2008_GA,2008,"Harris, James",GA,Georgia,20,Write-In
2008_GA,2008,"Allen, Jonathan",GA,Georgia,8,Write-In
2008_GA,2008,"Moore, Frank",GA,Georgia,6,Write-In
2008_GA,2008,"Byrne, David C.",GA,Georgia,4,Write-In
2008_GA,2008,"Brown, Brian Russell",GA,Georgia,2,Write-In
2008_HI,2008,"Obama, Barack",HI,Hawaii,325871,Democratic
2008_HI,2008,"McCain, John",HI,Hawaii,120566,Republican
2008_HI,2008,"Nader, Ralph",HI,Hawaii,3825,Independent
2008_HI,2008,"Barr, Bob",HI,Hawaii,1314,Libertarian
2008_HI,2008,"Baldwin, Chuck",HI,Hawaii,1013,Constitution
2008_HI,2008,"McKinney, Cynthia",HI,Hawaii,979,Green
2008_ID,2008,"McCain, John",ID,Idaho,403012,Republican
2008_ID,2008,"Obama, Barack",ID,Idaho,236440,Democratic
2008_ID,2008,"Nader, Ralph",ID,Idaho,7175,Independent
2008_ID,2008,"Baldwin, Chuck",ID,Idaho,4747,Constitution
2008_ID,2008,"Barr, Bob",ID,Idaho,3658,Libertarian
2008_ID,2008,"Keyes, Alan",ID,Idaho,40,Write-In
2008_ID,2008,"McKinney, Cynthia",ID,Idaho,39,Write-In
2008_ID,2008,"Claus, Santa",ID,Idaho,6,Write-In
2008_ID,2008,"Moore, Brian",ID,Idaho,3,Write-In
2008_ID,2008,"Bone, Lawson Mitchell",ID,Idaho,1,Write-In
2008_ID,2008,Reverend MerePeace-MsMere,ID,Idaho,1,Write-In
2008_IL,2008,"Obama, Barack",IL,Illinois,3419348,Democratic
2008_IL,2008,"McCain, John",IL,Illinois,2031179,Republican
2008_IL,2008,"Nader, Ralph",IL,Illinois,30948,Independent
2008_IL,2008,"Barr, Bob",IL,Illinois,19642,Libertarian
2008_IL,2008,"McKinney, Cynthia",IL,Illinois,11838,Green
2008_IL,2008,"Baldwin, Charles O.",IL,Illinois,8256,Constitution Party of Illinois
2008_IL,2008,"Polachek, John Joseph",IL,Illinois,1149,New
2008_IL,2008,"Hobbs, Ronald G.",IL,Illinois,4,Write-In
2008_IL,2008,"Allen, Donald K.",IL,Illinois,3,Write-In
2008_IL,2008,"Moore, Frank James",IL,Illinois,3,Write-In
2008_IL,2008,"Paul, Ron",IL,Illinois,1,Write-In
2008_IN,2008,"Obama, Barack",IN,Indiana,1374039,Democratic
2008_IN,2008,"McCain, John",IN,Indiana,1345648,Republican
2008_IN,2008,"Barr, Bob",IN,Indiana,29257,Libertarian
2008_IN,2008,"Baldwin, Chuck",IN,Indiana,1024,Write-In
2008_IN,2008,"Nader, Ralph",IN,Indiana,909,Write-In
2008_IN,2008,"McKinney, Cynthia",IN,Indiana,87,Write-In
2008_IN,2008,"Castle, Darrell L.",IN,Indiana,51,Write-In
2008_IN,2008,"Moore, Brian",IN,Indiana,14,Write-In
2008_IN,2008,"Faith, Michael L.",IN,Indiana,12,Write-In
2008_IN,2008,"Mottus, Kevin",IN,Indiana,9,Write-In
2008_IN,2008,"Bone, Lawson Mitchell",IN,Indiana,2,Write-In
2008_IN,2008,"Kujawski, ""Lou""",IN,Indiana,1,Write-In
2008_IN,2008,"Plemons, John Leroy",IN,Indiana,1,Write-In
2008_IA,2008,"Obama, Barack",IA,Iowa,828940,Democratic
2008_IA,2008,"McCain, John",IA,Iowa,682379,Republican
2008_IA,2008,"Nader, Ralph",IA,Iowa,8014,Peace And Freedom
2008_IA,2008,"Barr, Bob",IA,Iowa,4590,Libertarian
2008_IA,2008,"Baldwin, Chuck",IA,Iowa,4445,Constitution
2008_IA,2008,"McKinney, Cynthia",IA,Iowa,1423,Green
2008_IA,2008,"Harris, James",IA,Iowa,292,Socialist Workers Party
2008_IA,2008,"Moore, Brian",IA,Iowa,182,Socialist Party USA
2008_IA,2008,"La Riva, Gloria",IA,Iowa,121,Party for Socialism and Liberation
2008_KS,2008,"McCain, John",KS,Kansas,699655,Republican
2008_KS,2008,"Obama, Barack",KS,Kansas,514765,Democratic
2008_KS,2008,"Nader, Ralph",KS,Kansas,10527,Independent
2008_KS,2008,"Barr, Bob",KS,Kansas,6706,Libertarian
2008_KS,2008,"Baldwin, Chuck",KS,Kansas,4148,Reform
2008_KS,2008,"McKinney, Cynthia A.",KS,Kansas,35,Write-In
2008_KS,2008,"Keyes, Alan",KS,Kansas,31,Write-In
2008_KS,2008,"Allen, Jonathan E.",KS,Kansas,2,Write-In
2008_KS,2008,"Moore, Frank",KS,Kansas,2,Write-In
2008_KS,2008,"Judd, Keith Russell",KS,Kansas,1,Write-In
2008_KY,2008,"McCain, John",KY,Kentucky,1048462,Republican
2008_KY,2008,"Obama, Barack",KY,Kentucky,751985,Democratic
2008_KY,2008,"Nader, Ralph",KY,Kentucky,15378,Independent
2008_KY,2008,"Barr, Bob",KY,Kentucky,5989,Libertarian
2008_KY,2008,"Baldwin, Chuck",KY,Kentucky,4694,Constitution
2008_KY,2008,"Habermehl, Leonard C.",KY,Kentucky,57,Write-In
2008_KY,2008,"Keyes, Alan",KY,Kentucky,27,Write-In
2008_KY,2008,"Mills, Billy",KY,Kentucky,18,Write-In
2008_KY,2008,"Moore, Brian",KY,Kentucky,7,Write-In
2008_KY,2008,"Allen, Jonathan",KY,Kentucky,1,Write-In
2008_KY,2008,"Judd, Keith Russell",KY,Kentucky,1,Write-In
2008_KY,2008,"Upchurch, Shelley Renée",KY,Kentucky,1,Write-In
2008_LA,2008,"McCain, John",LA,Louisiana,1148275,Republican
2008_LA,2008,"Obama, Barack",LA,Louisiana,782989,Democratic
2008_LA,2008,"Paul, ""Ron""",LA,Louisiana,9368,Louisiana Taxpayers Party
2008_LA,2008,"McKinney, Cynthia",LA,Louisiana,9187,Green
2008_LA,2008,"Nader, Ralph",LA,Louisiana,6997,Independent
2008_LA,2008,"Baldwin, Chuck",LA,Louisiana,2581,Constitution
2008_LA,2008,"Harris, James",LA,Louisiana,735,Socialist Workers Party
2008_LA,2008,"La Riva, Gloria",LA,Louisiana,354,Socialism and Liberation Party
2008_LA,2008,"Amondson, Gene C.",LA,Louisiana,275,Prohibition Party
2008_ME,2008,"Obama, Barack",ME,Maine,421923,Democratic
2008_ME,2008,"McCain, John",ME,Maine,295273,Republican
2008_ME,2008,"Nader, Ralph",ME,Maine,10636,Independent
2008_ME,2008,"McKinney, Cynthia",ME,Maine,2900,Green Independent
2008_ME,2008,"Barr, Bob",ME,Maine,251,Write-In
2008_ME,2008,"Baldwin, Chuck",ME,Maine,177,Write-In
2008_ME,2008,"Allen, Jonathan",ME,Maine,3,Write-In
2008_MD,2008,"Obama, Barack",MD,Maryland,1629467,Democratic
2008_MD,2008,"McCain, John",MD,Maryland,959862,Republican
2008_MD,2008,"Nader, Ralph",MD,Maryland,14713,Independent
2008_MD,2008,"Barr, Bob",MD,Maryland,9842,Libertarian
2008_MD,2008,"McKinney, Cynthia",MD,Maryland,4747,Green
2008_MD,2008,"Baldwin, Chuck",MD,Maryland,3760,Constitution
2008_MD,2008,"Keyes, Alan",MD,Maryland,103,Write-In
2008_MD,2008,"Allen, Donald K.",MD,Maryland,17,Write-In
2008_MD,2008,"Taylor, Blaine",MD,Maryland,12,Write-In
2008_MD,2008,"Moore, Brian",MD,Maryland,10,Write-In
2008_MD,2008,"Schriner, Joe",MD,Maryland,8,Write-In
2008_MD,2008,"Starr, Lynne A.",MD,Maryland,4,Write-In
2008_MD,2008,"Heupel, RaeDeen R.",MD,Maryland,2,Write-In
2008_MD,2008,"Moore, Frank",MD,Maryland,2,Write-In
2008_MD,2008,"Aparicio, Jose M.",MD,Maryland,1,Write-In
2008_MD,2008,"Brown, Theodis (Ted), Sr.",MD,Maryland,1,Write-In
2008_MD,2008,"Hobbs, Ronald G.",MD,Maryland,1,Write-In
2008_MD,2008,"Jay, Charles",MD,Maryland,1,Write-In
2008_MA,2008,"Obama, Barack",MA,Massachusetts,1904097,Democratic
2008_MA,2008,"McCain, John",MA,Massachusetts,1108854,Republican
2008_MA,2008,"Nader, Ralph",MA,Massachusetts,28841,Independent
2008_MA,2008,"Barr, Bob",MA,Massachusetts,13189,Libertarian
2008_MA,2008,"McKinney, Cynthia",MA,Massachusetts,6550,Green-Rainbow
2008_MA,2008,"Baldwin, Chuck",MA,Massachusetts,4971,Constitution
2008_MI,2008,"Obama, Barack",MI,Michigan,2872579,Democratic
2008_MI,2008,"McCain, John",MI,Michigan,2048639,Republican
2008_MI,2008,"Nader, Ralph",MI,Michigan,33085,Natural Law Party
2008_MI,2008,"Barr, Bob",MI,Michigan,23716,Libertarian
2008_MI,2008,"Baldwin, Chuck",MI,Michigan,14685,U.S. Taxpayers
2008_MI,2008,"McKinney, Cynthia",MI,Michigan,8892,Green
2008_MI,2008,"Keyes, Alan",MI,Michigan,129,Write-In
2008_MI,2008,"Moore, Brian",MI,Michigan,41,Write-In
2008_MN,2008,"Obama, Barack",MN,Minnesota,1573354,Democratic-Farmer Labor
2008_MN,2008,"McCain, John",MN,Minnesota,1275409,Republican
2008_MN,2008,"Nader, Ralph",MN,Minnesota,30152,Independent
2008_MN,2008,"Barr, Bob",MN,Minnesota,9174,Libertarian
2008_MN,2008,"Baldwin, Chuck",MN,Minnesota,6787,Constitution
2008_MN,2008,"McKinney, Cynthia",MN,Minnesota,5174,Green
2008_MN,2008,"Calero, Róger",MN,Minnesota,790,Socialist Workers Party
2008_MN,2008,"Keyes, Alan",MN,Minnesota,22,Write-In
2008_MN,2008,"Moore, Brian",MN,Minnesota,7,Write-In
2008_MN,2008,"Schriner, Joe",MN,Minnesota,3,Write-In
2008_MN,2008,"Montgomery, Curtis",MN,Minnesota,1,Write-In
2008_MS,2008,"McCain, John",MS,Mississippi,724597,Republican
2008_MS,2008,"Obama, Barack",MS,Mississippi,554662,Democratic
2008_MS,2008,"Nader, Ralph",MS,Mississippi,4011,Independent
2008_MS,2008,"Baldwin, Chuck",MS,Mississippi,2551,Constitution
2008_MS,2008,"Barr, Bob",MS,Mississippi,2529,Libertarian
2008_MS,2008,"McKinney, Cynthia A.",MS,Mississippi,1034,Green
2008_MS,2008,"Weill, Ted C.",MS,Mississippi,481,Reform
2008_MO,2008,"McCain, John",MO,Missouri,1445814,Republican
2008_MO,2008,"Obama, Barack",MO,Missouri,1441911,Democratic
2008_MO,2008,"Nader, Ralph",MO,Missouri,17813,Independent
2008_MO,2008,"Barr, Bob",MO,Missouri,11386,Libertarian
2008_MO,2008,"Baldwin, Chuck",MO,Missouri,8201,Constitution
2008_MO,2008,"McKinney, Cynthia",MO,Missouri,80,Write-In
2008_MT,2008,"McCain, John",MT,Montana,242763,Republican
2008_MT,2008,"Obama, Barack",MT,Montana,231667,Democratic
2008_MT,2008,"Paul, Ron",MT,Montana,10638,Constitution
2008_MT,2008,"Nader, Ralph",MT,Montana,3686,Independent
2008_MT,2008,"Barr, Bob",MT,Montana,1355,Libertarian
2008_MT,2008,"Baldwin, Chuck",MT,Montana,143,Write-In
2008_MT,2008,"McKinney, Cynthia Ann",MT,Montana,23,Write-In
2008_MT,2008,"Heupel, RaeDeen",MT,Montana,12,Write-In
2008_MT,2008,"Clemente, Rosa A.",MT,Montana,10,Write-In
2008_MT,2008,"Claus, Santa",MT,Montana,3,Write-In
2008_MT,2008,"Allen, Jonathan",MT,Montana,1,Write-In
2008_MT,2008,"Wyatt, Amy Lou",MT,Montana,1,Write-In
2008_NE,2008,"McCain, John",NE,Nebraska,452979,Republican
2008_NE,2008,"Obama, Barack",NE,Nebraska,333319,Democratic
2008_NE,2008,"Nader, Ralph",NE,Nebraska,5406,By Petition
2008_NE,2008,"Baldwin, Chuck",NE,Nebraska,2972,Nebraska Party
2008_NE,2008,"Barr, Bob",NE,Nebraska,2740,Libertarian
2008_NE,2008,"McKinney, Cynthia",NE,Nebraska,1028,Green
2008_NV,2008,"Obama, Barack",NV,Nevada,533736,Democratic
2008_NV,2008,"McCain, John",NV,Nevada,412827,Republican
2008_NV,2008,"Nader, Ralph",NV,Nevada,6150,Independent
2008_NV,2008,"Barr, Bob",NV,Nevada,4263,Libertarian
2008_NV,2008,"Baldwin, Chuck",NV,Nevada,3194,Independent American  Party
2008_NV,2008,"McKinney, Cynthia",NV,Nevada,1411,Green
2008_NH,2008,"Obama, Barack",NH,New Hampshire,384826,Democratic
2008_NH,2008,"McCain, John",NH,New Hampshire,316534,Republican
2008_NH,2008,"Nader, Ralph",NH,New Hampshire,3503,Independent
2008_NH,2008,"Barr, ""Bob""",NH,New Hampshire,2217,Libertarian
2008_NH,2008,"Clinton, Hilary",NH,New Hampshire,1124,Write-In
2008_NH,2008,"Paul, Ron",NH,New Hampshire,1092,Write-In
2008_NH,2008,"Others,",NH,New Hampshire,673,Write-In
2008_NH,2008,"Phillies, George",NH,New Hampshire,531,Libertarian
2008_NH,2008,"Baldwin, Chuck",NH,New Hampshire,226,Write-In
2008_NH,2008,"Romney, Mitt",NH,New Hampshire,112,Write-In
2008_NH,2008,"Huckabee, Mike",NH,New Hampshire,61,Write-In
2008_NH,2008,"McKinney, Cynthia",NH,New Hampshire,40,Write-In
2008_NH,2008,"Palin, Sarah",NH,New Hampshire,18,Write-In
2008_NH,2008,"Clinton, Bill",NH,New Hampshire,13,Write-In
2008_NJ,2008,"Obama, Barack",NJ,New Jersey,2215422,Democratic
2008_NJ,2008,"McCain, John",NJ,New Jersey,1613207,Republican
2008_NJ,2008,"Nader, Ralph",NJ,New Jersey,21298,Independent
2008_NJ,2008,"Barr, Bob",NJ,New Jersey,8441,Libertarian
2008_NJ,2008,"Baldwin, Chuck",NJ,New Jersey,3956,Constitution
2008_NJ,2008,"McKinney, Cynthia",NJ,New Jersey,3636,Green
2008_NJ,2008,"Moore, Brian",NJ,New Jersey,699,Socialist Party USA
2008_NJ,2008,"Boss, Jeffrey ""Jeff""",NJ,New Jersey,639,Vote Here
2008_NJ,2008,"Calero, Roger",NJ,New Jersey,523,Socialist Workers Party
2008_NJ,2008,"La Riva, Gloria",NJ,New Jersey,416,Socialism and Liberation Party
2008_NM,2008,"Obama, Barack",NM,New Mexico,472422,Democratic
2008_NM,2008,"McCain, John",NM,New Mexico,346832,Republican
2008_NM,2008,"Nader, Ralph",NM,New Mexico,5327,New Mexico Independent Party
2008_NM,2008,"Barr, Bob",NM,New Mexico,2428,Libertarian
2008_NM,2008,"Baldwin, Chuck",NM,New Mexico,1597,Constitution
2008_NM,2008,"McKinney, Cynthia",NM,New Mexico,1552,Green
2008_NY,2008,"Obama, Barack",NY,New York,4804945,"Democratic,Working Families"
2008_NY,2008,"McCain, John",NY,New York,2752771,"Republican,Conservative,Independence"
2008_NY,2008,"Nader, Ralph",NY,New York,41249,Populist
2008_NY,2008,"Barr, Bob",NY,New York,19596,Libertarian
2008_NY,2008,"McKinney, Cynthia",NY,New York,12801,Green
2008_NY,2008,"Calero, Roger",NY,New York,3615,Socialist Workers Party
2008_NY,2008,"La Riva, Gloria",NY,New York,1639,Socialism and Liberation Party
2008_NY,2008,"Baldwin, Chuck",NY,New York,634,Write-In
2008_NY,2008,"Keyes, Alan Lee",NY,New York,35,Write-In
2008_NY,2008,"White, Jerome S.",NY,New York,18,Write-In
2008_NY,2008,"Moore, Brian",NY,New York,10,Write-In
2008_NY,2008,"Washington, Lanakila",NY,New York,3,Write-In
2008_NY,2008,"Allen, Jonathan",NY,New York,1,Write-In
2008_NY,2008,"Skok, Michael",NY,New York,1,Write-In
2008_NC,2008,"Obama, Barack",NC,North Carolina,2142651,Democratic
2008_NC,2008,"McCain, John",NC,North Carolina,2128474,Republican
2008_NC,2008,"Barr, Bob",NC,North Carolina,25722,Libertarian
2008_NC,2008,"Nader, Ralph",NC,North Carolina,1448,Write-In
2008_NC,2008,"McKinney, Cynthia",NC,North Carolina,158,Write-In
2008_NC,2008,"Moore, Brian",NC,North Carolina,38,Write-In
2008_ND,2008,"McCain, John",ND,North Dakota,168601,Republican
2008_ND,2008,"Obama, Barack",ND,North Dakota,141278,Democratic-Nonpartisan League
2008_ND,2008,"Nader, Ralph",ND,North Dakota,4189,Independent
2008_ND,2008,"Barr, Bob",ND,North Dakota,1354,Libertarian
2008_ND,2008,"Baldwin, Chuck",ND,North Dakota,1199,Constitution
2008_OH,2008,"Obama, Barack",OH,Ohio,2940044,Democratic
2008_OH,2008,"McCain, John",OH,Ohio,2677820,Republican
2008_OH,2008,"Nader, Ralph",OH,Ohio,42337,Independent
2008_OH,2008,"Barr, Bob",OH,Ohio,19917,Libertarian
2008_OH,2008,"Baldwin, Chuck",OH,Ohio,12565,Constitution
2008_OH,2008,"McKinney, Cynthia",OH,Ohio,8518,Green
2008_OH,2008,"Duncan, Richard",OH,Ohio,3905,Independent
2008_OH,2008,"Moore, Brian",OH,Ohio,2735,Socialist Party USA
2008_OH,2008,"Allen, Donald K.",OH,Ohio,212,Write-In
2008_OH,2008,"Keyes, Alan L.",OH,Ohio,160,Write-In
2008_OH,2008,"Schriner, Joe",OH,Ohio,71,Write-In
2008_OH,2008,"Robertson, Platt",OH,Ohio,63,Write-In
2008_OH,2008,"Allen, Jonathan",OH,Ohio,2,Write-In
2008_OH,2008,"Germalic, James R.",OH,Ohio,1,Write-In
2008_OK,2008,"McCain, John",OK,Oklahoma,960165,Republican
2008_OK,2008,"Obama, Barack",OK,Oklahoma,502496,Democratic
2008_OR,2008,"Obama, Barack",OR,Oregon,1037291,Democratic
2008_OR,2008,"McCain, John",OR,Oregon,738475,Republican
2008_OR,2008,"Nader, Ralph",OR,Oregon,18614,Peace
2008_OR,2008,"Baldwin, Chuck",OR,Oregon,7693,Constitution
2008_OR,2008,"Barr, Bob",OR,Oregon,7635,Libertarian
2008_OR,2008,"McKinney, Cynthia",OR,Oregon,4543,Pacific Green
2008_PA,2008,"Obama, Barack",PA,Pennsylvania,3276363,Democratic
2008_PA,2008,"McCain, John",PA,Pennsylvania,2655885,Republican
2008_PA,2008,"Nader, Ralph",PA,Pennsylvania,42977,Independent
2008_PA,2008,"Barr, Bob",PA,Pennsylvania,19912,Libertarian
2008_PA,2008,"Clinton, Hillary",PA,Pennsylvania,5014,Write-In
2008_PA,2008,"Paul, Ron",PA,Pennsylvania,3849,Write-In
2008_PA,2008,"Baldwin, Chuck",PA,Pennsylvania,1092,Write-In
2008_RI,2008,"Obama, Barack",RI,Rhode Island,296571,Democratic
2008_RI,2008,"McCain, John",RI,Rhode Island,165391,Republican
2008_RI,2008,"Nader, Ralph",RI,Rhode Island,4829,Independent
2008_RI,2008,"Barr, Bob",RI,Rhode Island,1382,Libertarian
2008_RI,2008,"McKinney, Cynthia",RI,Rhode Island,797,Green
2008_RI,2008,"Baldwin, Chuck",RI,Rhode Island,675,Constitution
2008_RI,2008,"Clinton, Hillary",RI,Rhode Island,655,Write-In
2008_RI,2008,"Paul, Ron",RI,Rhode Island,472,Write-In
2008_RI,2008,"La Riva, Gloria",RI,Rhode Island,122,Socialism and Liberation Party
2008_RI,2008,"No Vote,",RI,Rhode Island,43,Write-In
2008_RI,2008,"Huckabee, Mike",RI,Rhode Island,34,Write-In
2008_RI,2008,"Romney, Mitt",RI,Rhode Island,25,Write-In
2008_RI,2008,"Gore, Al",RI,Rhode Island,15,Write-In
2008_RI,2008,"Powell, Colin",RI,Rhode Island,14,Write-In
2008_RI,2008,"Mouse, Mickey",RI,Rhode Island,11,Write-In
2008_RI,2008,"None of Above,",RI,Rhode Island,11,Write-In
2008_RI,2008,"Colbert, Stephen",RI,Rhode Island,8,Write-In
2008_RI,2008,"Jesus,",RI,Rhode Island,7,Write-In
2008_RI,2008,"Bloomberg, Michael",RI,Rhode Island,6,Write-In
2008_RI,2008,"Clinton, Bill",RI,Rhode Island,6,Write-In
2008_RI,2008,"Cianci, Buddy",RI,Rhode Island,5,Write-In
2008_RI,2008,"Keyes, Alan",RI,Rhode Island,5,Write-In
2008_RI,2008,"Kucinich, Dennis",RI,Rhode Island,5,Write-In
2008_RI,2008,"Plumber, Joe the",RI,Rhode Island,5,Write-In
2008_RI,2008,"Ventura, Jessie",RI,Rhode Island,5,Write-In
2008_SC,2008,"McCain, John",SC,South Carolina,1034896,Republican
2008_SC,2008,"Obama, Barack",SC,South Carolina,862449,Democratic
2008_SC,2008,"Barr, Bob",SC,South Carolina,7283,Libertarian
2008_SC,2008,"Baldwin, Chuck",SC,South Carolina,6827,Constitution
2008_SC,2008,"Nader, Ralph",SC,South Carolina,5053,Petition
2008_SC,2008,"McKinney, Cynthia",SC,South Carolina,4461,Green
2008_SD,2008,"McCain, John",SD,South Dakota,203054,Republican
2008_SD,2008,"Obama, Barack",SD,South Dakota,170924,Democratic
2008_SD,2008,"Nader, Ralph",SD,South Dakota,4267,Independent
2008_SD,2008,"Baldwin, Chuck",SD,South Dakota,1895,Constitution
2008_SD,2008,"Barr, Bob",SD,South Dakota,1835,Independent
2008_TN,2008,"McCain, John",TN,Tennessee,1479178,Republican
2008_TN,2008,"Obama, Barack",TN,Tennessee,1087437,Democratic
2008_TN,2008,"Nader, Ralph",TN,Tennessee,11560,Independent
2008_TN,2008,"Barr, Bob",TN,Tennessee,8547,Independent
2008_TN,2008,"Baldwin, Chuck",TN,Tennessee,8191,Independent
2008_TN,2008,"McKinney, Cynthia",TN,Tennessee,2499,Write-In
2008_TN,2008,"Moore, Brian",TN,Tennessee,1326,Independent
2008_TN,2008,"Jay, Charles",TN,Tennessee,1011,Independent
2008_TX,2008,"McCain, John",TX,Texas,4479328,Republican
2008_TX,2008,"Obama, Barack",TX,Texas,3528633,Democratic
2008_TX,2008,"Barr, Bob",TX,Texas,56116,Libertarian
2008_TX,2008,"Nader, Ralph",TX,Texas,5751,Write-In
2008_TX,2008,"Baldwin, Chuck",TX,Texas,5708,Write-In
2008_TX,2008,"Keyes, Alan",TX,Texas,895,Write-In
2008_TX,2008,"McKinney, Cynthia",TX,Texas,909,Write-In
2008_TX,2008,"Hill, Thaddaus",TX,Texas,216,Write-In
2008_TX,2008,"Moore, Brian",TX,Texas,135,Write-In
2008_TX,2008,"Allen, Jonathan",TX,Texas,104,Write-In
2008_UT,2008,"McCain, John",UT,Utah,596030,Republican
2008_UT,2008,"Obama, Barack",UT,Utah,327670,Democratic
2008_UT,2008,"Baldwin, Charles O. ""Chuck""",UT,Utah,12012,Constitution
2008_UT,2008,"Nader, Ralph",UT,Utah,8416,Unaffiliated
2008_UT,2008,"Barr, Bob",UT,Utah,6966,Libertarian
2008_UT,2008,"McKinney, Cynthia",UT,Utah,982,Unaffiliated
2008_UT,2008,"La Riva, Gloria",UT,Utah,262,Unaffiliated
2008_UT,2008,"Keyes, Alan",UT,Utah,25,Write-In
2008_UT,2008,"Moore, Frank",UT,Utah,3,Write-In
2008_UT,2008,"Allen, Jonathan",UT,Utah,2,Write-In
2008_UT,2008,"Jay, Charles",UT,Utah,1,Write-In
2008_UT,2008,"Sponheim, David Jon",UT,Utah,1,Write-In
2008_VT,2008,"Obama, Barack",VT,Vermont,219262,Democratic
2008_VT,2008,"McCain, John",VT,Vermont,98974,Republican
2008_VT,2008,"Nader, Ralph",VT,Vermont,3339,Independent
2008_VT,2008,"Barr, Bob",VT,Vermont,1067,Libertarian
2008_VT,2008,"Baldwin, Chuck",VT,Vermont,500,Constitution
2008_VT,2008,"Calero, Roger",VT,Vermont,150,Socialist Workers Party
2008_VT,2008,"La Riva, Gloria",VT,Vermont,149,Socialism and Liberation Party
2008_VT,2008,"Moore, Brian",VT,Vermont,141,Liberty Union
2008_VT,2008,"McKinney, Cynthia",VT,Vermont,66,Write-In
2008_VA,2008,"Obama, Barack",VA,Virginia,1959532,Democratic
2008_VA,2008,"McCain, John",VA,Virginia,1725005,Republican
2008_VA,2008,"Nader, Ralph",VA,Virginia,11483,Independent
2008_VA,2008,"Barr, Bob",VA,Virginia,11067,Libertarian
2008_VA,2008,"Baldwin, Chuck",VA,Virginia,7474,Independent Green Party
2008_VA,2008,"McKinney, Cynthia",VA,Virginia,2344,Green
2008_WA,2008,"Obama, Barack",WA,Washington,1750848,Democratic
2008_WA,2008,"McCain, John",WA,Washington,1229216,Republican
2008_WA,2008,"Nader, Ralph",WA,Washington,29489,Independent
2008_WA,2008,"Barr, Bob",WA,Washington,12728,Libertarian
2008_WA,2008,"Baldwin, Chuck",WA,Washington,9432,Constitution
2008_WA,2008,"McKinney, Cynthia",WA,Washington,3819,Green
2008_WA,2008,"La Riva, Gloria",WA,Washington,705,Socialism and Liberation Party
2008_WA,2008,"Harris, James E.",WA,Washington,641,Socialist Workers Party
2008_WV,2008,"McCain, John Sidney, III",WV,West Virginia,397466,Republican
2008_WV,2008,"Obama, Barack Hussein",WV,West Virginia,303857,Democratic
2008_WV,2008,"Nader, Ralph",WV,West Virginia,7219,No Affiliation
2008_WV,2008,"Baldwin, Charles Obadiah",WV,West Virginia,2465,Constitution
2008_WV,2008,"McKinney, Cynthia Ann",WV,West Virginia,2355,Mountain Party
2008_WV,2008,"Claus, Santa",WV,West Virginia,59,Write-In
2008_WV,2008,"Rice, David L.",WV,West Virginia,18,Write-In
2008_WV,2008,"Allen, Donald K.",WV,West Virginia,4,Write-In
2008_WV,2008,"Brown, Robert",WV,West Virginia,3,Write-In
2008_WV,2008,"Railey, Charles G. ""Bud""",WV,West Virginia,3,Write-In
2008_WV,2008,"Hobbs, Ron",WV,West Virginia,1,Write-In
2008_WV,2008,"Moore, Frank",WV,West Virginia,1,Write-In
2008_WI,2008,"Obama, Barack",WI,Wisconsin,1677211,Democratic
2008_WI,2008,"McCain, John",WI,Wisconsin,1262393,Republican
2008_WI,2008,"Nader, Ralph",WI,Wisconsin,17605,Independent
2008_WI,2008,"Barr, Bob",WI,Wisconsin,8858,Libertarian
2008_WI,2008,"Baldwin, Chuck",WI,Wisconsin,5072,Independent
2008_WI,2008,"McKinney, Cynthia",WI,Wisconsin,4216,Wisconsin Greens
2008_WI,2008,"Wamboldt, Jeffrey J.",WI,Wisconsin,764,Independent
2008_WI,2008,"Moore, Brian",WI,Wisconsin,540,Independent
2008_WI,2008,"La Riva, Gloria",WI,Wisconsin,237,Independent
2008_WY,2008,"McCain, John",WY,Wyoming,164958,Republican
2008_WY,2008,"Obama, Barack",WY,Wyoming,82868,Democratic
2008_WY,2008,"Nader, Ralph",WY,Wyoming,2525,Independent
2008_WY,2008,"Barr, Bob",WY,Wyoming,1594,Libertarian
2008_WY,2008,"Baldwin, Chuck",WY,Wyoming,1192,Independent
2012_AL,2012,"Romney, Mitt",AL,Alabama,1255925,Republican
2012_AL,2012,"Obama, Barack",AL,Alabama,795696,Democratic
2012_AL,2012,"Johnson, Gary",AL,Alabama,12328,Independent
2012_AL,2012,"Stein, Jill",AL,Alabama,3397,Independent
2012_AL,2012,"Goode, Virgil H., Jr.",AL,Alabama,2981,Independent
2012_AK,2012,"Romney, Mitt",AK,Alaska,164676,Republican
2012_AK,2012,"Obama, Barack",AK,Alaska,122640,Democratic
2012_AK,2012,"Johnson, Gary",AK,Alaska,7392,Libertarian
2012_AK,2012,"Stein, Jill",AK,Alaska,2917,Green
2012_AZ,2012,"Romney, Mitt",AZ,Arizona,1233654,Republican
2012_AZ,2012,"Obama, Barack",AZ,Arizona,1025232,Democratic
2012_AZ,2012,"Johnson, Gary",AZ,Arizona,32100,Libertarian
2012_AZ,2012,"Stein, Jill",AZ,Arizona,7816,Green
2012_AZ,2012,"Goode, Virgil",AZ,Arizona,289,Write-In
2012_AZ,2012,"Anderson, Ross C. ""Rocky""",AZ,Arizona,119,Write-In
2012_AZ,2012,"Reed, Jill",AZ,Arizona,17,Write-In
2012_AZ,2012,"Christensen, Will",AZ,Arizona,14,Write-In
2012_AZ,2012,"Knill, Dennis",AZ,Arizona,7,Write-In
2012_AZ,2012,"Tittle, Sheila ""Samm""",AZ,Arizona,6,Write-In
2012_AR,2012,"Romney, Mitt",AR,Arkansas,647744,Republican
2012_AR,2012,"Obama, Barack",AR,Arkansas,394409,Democratic
2012_AR,2012,"Johnson, Gary",AR,Arkansas,16276,Libertarian
2012_AR,2012,"Stein, Jill",AR,Arkansas,9305,Green
2012_AR,2012,"Lindsay, Peta",AR,Arkansas,1734,Socialism and Liberation Party
2012_CA,2012,"Obama, Barack",CA,California,7854285,Democratic
2012_CA,2012,"Romney, Mitt",CA,California,4839958,Republican
2012_CA,2012,"Johnson, Gary",CA,California,143221,Libertarian
2012_CA,2012,"Stein, Jill",CA,California,85638,Green
2012_CA,2012,"Barr, Roseanne",CA,California,53824,Peace and Freedom
2012_CA,2012,"Hoefling, Thomas",CA,California,38372,American Independent
2012_CA,2012,"Paul, Ron",CA,California,21461,Write-In
2012_CA,2012,"Anderson, Ross C. ""Rocky""",CA,California,992,Write-In
2012_CA,2012,"Goode, Virgil",CA,California,503,Write-In
2012_CA,2012,"Alexander, Stewart",CA,California,82,Write-In
2012_CA,2012,"White, Jerry",CA,California,79,Write-In
2012_CA,2012,"Harris, James",CA,California,72,Write-In
2012_CA,2012,"Durham, Stephen",CA,California,54,Write-In
2012_CA,2012,"Tittle, Sheila ""Samm""",CA,California,6,Write-In
2012_CO,2012,"Obama, Barack",CO,Colorado,1323102,Democratic
2012_CO,2012,"Romney, Mitt",CO,Colorado,1185243,Republican
2012_CO,2012,"Johnson, Gary",CO,Colorado,35545,Libertarian
2012_CO,2012,"Stein, Jill",CO,Colorado,7508,Green
2012_CO,2012,"Goode, Virgil H., Jr.",CO,Colorado,6234,American Constitution Party
2012_CO,2012,"Barr, Roseanne",CO,Colorado,5059,Peace and Freedom
2012_CO,2012,"Reed, Jill",CO,Colorado,2589,Unaffiliated
2012_CO,2012,"Anderson, Ross C. ""Rocky""",CO,Colorado,1260,Justice Party
2012_CO,2012,"Tittle, Sheila 'Samm'",CO,Colorado,792,We the People
2012_CO,2012,"Hoefling, Tom",CO,Colorado,679,America’s Party
2012_CO,2012,"La Riva, Gloria",CO,Colorado,317,Socialism and Liberation Party
2012_CO,2012,"Alexander, Stewart",CO,Colorado,308,Socialist Party USA
2012_CO,2012,"Miller, Merlin",CO,Colorado,266,American Third Position
2012_CO,2012,"Stevens, Thomas Robert",CO,Colorado,235,Objectivist Party
2012_CO,2012,"Harris, James",CO,Colorado,192,Socialist Workers Party
2012_CO,2012,"White, Jerry",CO,Colorado,189,Socialist Equality Party
2012_CO,2012,"Terry, Randall",CO,Colorado,4,Write-In
2012_CT,2012,"Obama, Barack",CT,Connecticut,905083,Democratic
2012_CT,2012,"Romney, Mitt",CT,Connecticut,634892,Republican
2012_CT,2012,"Johnson, Gary",CT,Connecticut,12580,Libertarian
2012_CT,2012,"Anderson, Ross C. ""Rocky""",CT,Connecticut,5487,Independent Party
2012_CT,2012,"Stein, Jill",CT,Connecticut,863,Write-In
2012_CT,2012,"Hoefling, Tom",CT,Connecticut,25,Write-In
2012_CT,2012,"Warner, Gerald",CT,Connecticut,19,Write-In
2012_CT,2012,"Harris, James E.",CT,Connecticut,5,Write-In
2012_CT,2012,"Sizemore, Raymond",CT,Connecticut,5,Write-In
2012_CT,2012,"Durham, Stephen",CT,Connecticut,1,Write-In
2012_DE,2012,"Obama, Barack",DE,Delaware,242584,Democratic
2012_DE,2012,"Romney, Mitt",DE,Delaware,165484,Republican
2012_DE,2012,"Johnson, Gary",DE,Delaware,3882,Libertarian
2012_DE,2012,"Stein, Jill",DE,Delaware,1940,Green
2012_DE,2012,"Goode, Virgil",DE,Delaware,23,Write-In
2012_DE,2012,"Hoefling, Tom",DE,Delaware,7,Write-In
2012_DE,2012,"Reed, Jill",DE,Delaware,1,Write-In
2012_DC,2012,"Obama, Barack",DC,District of Columbia,267070,Democratic
2012_DC,2012,"Romney, Mitt",DC,District of Columbia,21381,Republican
2012_DC,2012,"Stein, Jill",DC,District of Columbia,2458,D.C. Statehood Green
2012_DC,2012,"Johnson, Gary",DC,District of Columbia,2083,Libertarian
2012_FL,2012,"Obama, Barack",FL,Florida,4237756,Democratic
2012_FL,2012,"Romney, Mitt",FL,Florida,4163447,Republican
2012_FL,2012,"Johnson, Gary",FL,Florida,44726,Libertarian Party of Florida
2012_FL,2012,"Stein, Jill",FL,Florida,8947,Green Party of Florida
2012_FL,2012,"Barr, Roseanne",FL,Florida,8154,Peace and Freedom Party of Florida
2012_FL,2012,"Stevens, Thomas Robert",FL,Florida,3856,Objectivist Party of Florida
2012_FL,2012,"Goode, Virgil H., Jr.",FL,Florida,2607,Constitution Party of Florida
2012_FL,2012,"Anderson, Ross C. ""Rocky""",FL,Florida,1754,Justice Party of Florida
2012_FL,2012,"Hoefling, Tom",FL,Florida,946,America’s Party of Florida
2012_FL,2012,"Barnett, Andre",FL,Florida,820,Reform
2012_FL,2012,"Alexander, Stewart",FL,Florida,799,Socialist Party of Florida
2012_FL,2012,"Lindsay, Peta",FL,Florida,322,Party for Socialism and Liberation - Florida
2012_FL,2012,"Reed, Jill",FL,Florida,36,Write-In
2012_FL,2012,"Duncan, Richard",FL,Florida,3,Write-In
2012_FL,2012,"Durham, Stephen G.",FL,Florida,3,Write-In
2012_FL,2012,"Magee, Erin Kent",FL,Florida,2,Write-In
2012_FL,2012,"Coniglio, Andrew Charles",FL,Florida,1,Write-In
2012_GA,2012,"Romney, Mitt",GA,Georgia,2078688,Republican
2012_GA,2012,"Obama, Barack",GA,Georgia,1773827,Democratic
2012_GA,2012,"Johnson, Gary",GA,Georgia,45324,Libertarian
2012_GA,2012,"Stein, Jill",GA,Georgia,1516,Write-In
2012_GA,2012,"Goode, Virgil",GA,Georgia,432,Write-In
2012_GA,2012,"Anderson, Ross C. ""Rocky""",GA,Georgia,154,Write-In
2012_GA,2012,"Hykes, Darrell",GA,Georgia,55,Write-In
2012_GA,2012,"Reid, Jill",GA,Georgia,30,Write-In
2012_GA,2012,"Harris, James",GA,Georgia,21,Write-In
2012_GA,2012,"Byrne, David C.",GA,Georgia,2,Write-In
2012_GA,2012,"Magee, Erin Kent",GA,Georgia,1,Write-In
2012_HI,2012,"Obama, Barack",HI,Hawaii,306658,Democratic
2012_HI,2012,"Romney, Mitt",HI,Hawaii,121015,Republican
2012_HI,2012,"Johnson, Gary",HI,Hawaii,3840,Libertarian
2012_HI,2012,"Stein, Jill",HI,Hawaii,3184,Green
2012_ID,2012,"Romney, Mitt",ID,Idaho,420911,Republican
2012_ID,2012,"Obama, Barack",ID,Idaho,212787,Democratic
2012_ID,2012,"Johnson, Gary",ID,Idaho,9453,Libertarian
2012_ID,2012,"Stein, Jill",ID,Idaho,4402,Independent
2012_ID,2012,"Anderson, Ross C. ""Rocky""",ID,Idaho,2499,Independent
2012_ID,2012,"Goode, Virgil H.",ID,Idaho,2222,Constitution
2012_IL,2012,"Obama, Barack",IL,Illinois,3019512,Democratic
2012_IL,2012,"Romney, Mitt",IL,Illinois,2135216,Republican
2012_IL,2012,"Johnson, Gary",IL,Illinois,56229,Libertarian
2012_IL,2012,"Stein, Jill",IL,Illinois,30222,Green
2012_IL,2012,"Goode, Virgil / Clymer, Jim",IL,Illinois,233,Write-In
2012_IL,2012,"Anderson, Ross C. ""Rocky""",IL,Illinois,185,Write-In
2012_IL,2012,"Goode, Virgil",IL,Illinois,182,Write-In
2012_IL,2012,"Reed, Jill",IL,Illinois,121,Write-In
2012_IL,2012,"Hoefling, Tom",IL,Illinois,22,Write-In
2012_IL,2012,"Hawkins, Michael",IL,Illinois,16,Write-In
2012_IL,2012,"Cary, Tom",IL,Illinois,14,Write-In
2012_IL,2012,"Reed, Jill / Cary, Tom",IL,Illinois,10,Write-In
2012_IL,2012,"White, Jerry",IL,Illinois,8,Write-In
2012_IL,2012,"Roth, Cecil",IL,Illinois,5,Write-In
2012_IL,2012,"Scherrer, Phyllis",IL,Illinois,5,Write-In
2012_IL,2012,"Clymer, Jim",IL,Illinois,4,Write-In
2012_IL,2012,"Prokopich, Barbara",IL,Illinois,4,Write-In
2012_IL,2012,"White, Jerry / Scherrer, Phyllis",IL,Illinois,4,Write-In
2012_IL,2012,"Hoefling, Tom / Ellis, Jonathan",IL,Illinois,3,Write-In
2012_IL,2012,"Knill, Dennis",IL,Illinois,3,Write-In
2012_IL,2012,"Tyree, Roy Wayne",IL,Illinois,3,Write-In
2012_IL,2012,"Chehade, Paul",IL,Illinois,2,Write-In
2012_IL,2012,"Chehade, Paul / McAllister, Steve",IL,Illinois,2,Write-In
2012_IL,2012,"Durham, Stephen / Lopez, Christina",IL,Illinois,2,Write-In
2012_IL,2012,"Maxwell, Lynn",IL,Illinois,2,Write-In
2012_IL,2012,"Struck, James T.",IL,Illinois,2,Write-In
2012_IL,2012,"Durham, Stephen",IL,Illinois,1,Write-In
2012_IL,2012,"Ellis, Jonathan",IL,Illinois,1,Write-In
2012_IL,2012,"Frost, Stephen James",IL,Illinois,1,Write-In
2012_IN,2012,"Romney, Mitt",IN,Indiana,1420543,Republican
2012_IN,2012,"Obama, Barack",IN,Indiana,1152887,Democratic
2012_IN,2012,"Johnson, Gary",IN,Indiana,50111,Libertarian
2012_IN,2012,"Stein, Jill",IN,Indiana,625,Write-In
2012_IN,2012,"Goode, Virgil H., Jr.",IN,Indiana,290,Write-In
2012_IN,2012,"Hoefling, Tom",IN,Indiana,35,Write-In
2012_IN,2012,"Alexander, Stewart",IN,Indiana,17,Write-In
2012_IN,2012,"Reed, Jill",IN,Indiana,8,Write-In
2012_IN,2012,"Terry, Randall A.",IN,Indiana,8,Write-In
2012_IN,2012,"Knill, Dennis",IN,Indiana,7,Write-In
2012_IN,2012,"Dummett, John A., Jr.",IN,Indiana,2,Write-In
2012_IN,2012,"Lopez, Christina",IN,Indiana,1,Write-In
2012_IA,2012,"Obama, Barack",IA,Iowa,822544,Democratic
2012_IA,2012,"Romney, Mitt",IA,Iowa,730617,Republican
2012_IA,2012,"Johnson, Gary",IA,Iowa,12926,Libertarian
2012_IA,2012,"Stein, Jill",IA,Iowa,3769,Iowa Green
2012_IA,2012,"Goode, Virgil",IA,Iowa,3038,Constitution
2012_IA,2012,"Litzel, Jerry",IA,Iowa,1027,Nominated by Petition
2012_IA,2012,"Harris, James",IA,Iowa,445,Socialist Workers Party
2012_IA,2012,"La Riva, Gloria",IA,Iowa,372,Party for Socialism and Liberation
2012_KS,2012,"Romney, Mitt",KS,Kansas,692634,Republican
2012_KS,2012,"Obama, Barack",KS,Kansas,440726,Democratic
2012_KS,2012,"Johnson, Gary",KS,Kansas,20456,Libertarian
2012_KS,2012,"Baldwin, Chuck",KS,Kansas,5017,Reform
2012_KS,2012,"Stein, Jill E.",KS,Kansas,714,Write-In
2012_KS,2012,"Goode, Virgil",KS,Kansas,187,Write-In
2012_KS,2012,"Anderson, Ross ""Rocky"" C.",KS,Kansas,95,Write-In
2012_KS,2012,"Barr, Roseanne C.",KS,Kansas,58,Write-In
2012_KS,2012,"Bush, Kent W.",KS,Kansas,48,Write-In
2012_KS,2012,"Barnett, Andre",KS,Kansas,19,Write-In
2012_KS,2012,"Hoefling, Tom",KS,Kansas,12,Write-In
2012_KS,2012,"Reed, Jill A.",KS,Kansas,4,Write-In
2012_KS,2012,"Christensen, Will",KS,Kansas,1,Write-In
2012_KY,2012,"Romney, Mitt",KY,Kentucky,1087190,Republican
2012_KY,2012,"Obama, Barack",KY,Kentucky,679370,Democratic
2012_KY,2012,"Johnson, Gary",KY,Kentucky,17063,Libertarian
2012_KY,2012,"Terry, Randall A.",KY,Kentucky,6872,Independent
2012_KY,2012,"Stein, Jill",KY,Kentucky,6337,Green
2012_KY,2012,"Goode, Virgil",KY,Kentucky,245,Write-In
2012_KY,2012,"Anderson, Ross C. ""Rocky""",KY,Kentucky,60,Write-In
2012_KY,2012,"Duncan, Richard",KY,Kentucky,37,Write-In
2012_KY,2012,"Hoefling, Tom",KY,Kentucky,30,Write-In
2012_KY,2012,"White, Jerry",KY,Kentucky,4,Write-In
2012_KY,2012,"Durham, Stephen",KY,Kentucky,2,Write-In
2012_KY,2012,"House, Louis Todd",KY,Kentucky,1,Write-In
2012_KY,2012,"Knill, Dennis",KY,Kentucky,1,Write-In
2012_LA,2012,"Romney, Mitt",LA,Louisiana,1152262,Republican
2012_LA,2012,"Obama, Barack",LA,Louisiana,809141,Democratic
2012_LA,2012,"Johnson, Gary",LA,Louisiana,18157,Libertarian
2012_LA,2012,"Stein, Jill",LA,Louisiana,6978,Green
2012_LA,2012,"Goode, Virgil",LA,Louisiana,2508,Constitution
2012_LA,2012,"Tittle, Sheila",LA,Louisiana,1767,We the People
2012_LA,2012,"Anderson, Ross",LA,Louisiana,1368,Justice Party
2012_LA,2012,"Lindsay, Peta",LA,Louisiana,622,Socialism and Liberation Party
2012_LA,2012,"Fellure, Jack",LA,Louisiana,518,Prohibition Party
2012_LA,2012,"Harris, James",LA,Louisiana,389,Socialist Workers Party
2012_LA,2012,"White, Jerry",LA,Louisiana,355,Socialist Equality Party
2012_ME,2012,"Obama, Barack",ME,Maine,401306,Democratic
2012_ME,2012,"Romney, Mitt",ME,Maine,292276,Republican
2012_ME,2012,"Johnson, Gary E.",ME,Maine,9352,Libertarian
2012_ME,2012,"Stein, Jill",ME,Maine,8119,Green Independent
2012_ME,2012,"Paul, Ronald E.",ME,Maine,2035,Write-In
2012_ME,2012,"Anderson, Ross C.",ME,Maine,62,Write-In
2012_ME,2012,"Reed, Jill Ann",ME,Maine,30,Write-In
2012_MD,2012,"Obama, Barack",MD,Maryland,1677844,Democratic
2012_MD,2012,"Romney, Mitt",MD,Maryland,971869,Republican
2012_MD,2012,"Johnson, Gary",MD,Maryland,30195,Libertarian
2012_MD,2012,"Stein, Jill",MD,Maryland,17110,Green
2012_MD,2012,Other,MD,Maryland,8788,Write-In
2012_MD,2012,"Claus, Santa",MD,Maryland,625,Write-In
2012_MD,2012,"Goode, Virgil",MD,Maryland,418,Write-In
2012_MD,2012,"Anderson, Ross C. ""Rocky""",MD,Maryland,204,Write-In
2012_MD,2012,"Barr, Roseanne",MD,Maryland,64,Write-In
2012_MD,2012,"Clymer, James",MD,Maryland,35,Write-In
2012_MD,2012,"Miller, Merlin",MD,Maryland,26,Write-In
2012_MD,2012,"Barnett, Andre",MD,Maryland,19,Write-In
2012_MD,2012,"Durham, Stephen",MD,Maryland,19,Write-In
2012_MD,2012,"Briscoe, Tiffany Renee",MD,Maryland,18,Write-In
2012_MD,2012,"Lydick, Matthew",MD,Maryland,18,Write-In
2012_MD,2012,"Duncan, Richard",MD,Maryland,15,Write-In
2012_MD,2012,"Chehade, Paul",MD,Maryland,13,Write-In
2012_MD,2012,"Dickson, Fred Donald, Jr.",MD,Maryland,8,Write-In
2012_MD,2012,"Crosby, David M.",MD,Maryland,7,Write-In
2012_MD,2012,"Hykes, Darrell",MD,Maryland,7,Write-In
2012_MD,2012,"Reed, Jill",MD,Maryland,7,Write-In
2012_MD,2012,"Boyles, Michael David",MD,Maryland,5,Write-In
2012_MD,2012,"Keyton, Nelson",MD,Maryland,3,Write-In
2012_MD,2012,"French, Dwight Kenneth",MD,Maryland,2,Write-In
2012_MD,2012,"Knill, Dennis",MD,Maryland,2,Write-In
2012_MD,2012,"Prokopich, Barbara A.",MD,Maryland,2,Write-In
2012_MD,2012,"Dietz, Robert William",MD,Maryland,1,Write-In
2012_MD,2012,"Morstad, Dean",MD,Maryland,1,Write-In
2012_MD,2012,"O'Hara, Terrance James",MD,Maryland,1,Write-In
2012_MD,2012,"Roth, Cecil James",MD,Maryland,1,Write-In
2012_MA,2012,"Obama, Barack",MA,Massachusetts,1921290,Democratic
2012_MA,2012,"Romney, Mitt",MA,Massachusetts,1188314,Republican
2012_MA,2012,"Johnson, Gary",MA,Massachusetts,30920,Libertarian
2012_MA,2012,"Stein, Jill",MA,Massachusetts,20691,Green-Rainbow
2012_MA,2012,All Others,MA,Massachusetts,6552,Write-In
2012_MI,2012,"Obama, Barack",MI,Michigan,2564569,Democratic
2012_MI,2012,"Romney, Mitt",MI,Michigan,2115256,Republican
2012_MI,2012,"Stein, Jill",MI,Michigan,21897,Green
2012_MI,2012,"Goode, Virgil, Jr.",MI,Michigan,16119,U.S. Taxpayers
2012_MI,2012,"Johnson, Gary",MI,Michigan,7774,Write-In
2012_MI,2012,"Anderson, Ross",MI,Michigan,5147,Natural Law Party
2012_MI,2012,"Alexander, Stewart",MI,Michigan,89,Write-In
2012_MI,2012,"White, Jerry",MI,Michigan,68,Write-In
2012_MI,2012,"Hoefling, Tom",MI,Michigan,42,Write-In
2012_MN,2012,"Obama, Barack",MN,Minnesota,1546167,Democratic-Farmer Labor
2012_MN,2012,"Romney, Mitt",MN,Minnesota,1320225,Republican
2012_MN,2012,"Johnson, Gary",MN,Minnesota,35098,Libertarian
2012_MN,2012,"Stein, Jill",MN,Minnesota,13023,Green
2012_MN,2012,"Goode, Virgil",MN,Minnesota,3722,Constitution
2012_MN,2012,"Carlson, Jim",MN,Minnesota,3149,Grassroots
2012_MN,2012,"Anderson, Ross C. ""Rocky""",MN,Minnesota,1996,Justice Party
2012_MN,2012,"Morstad, Dean",MN,Minnesota,1092,Constitutional Government
2012_MN,2012,"Harris, James",MN,Minnesota,1051,Socialist Workers Party
2012_MN,2012,"Lindsay, Peta",MN,Minnesota,397,Socialism and Liberation Party
2012_MN,2012,"Barr, Roseanne",MN,Minnesota,46,Write-In
2012_MN,2012,"Prokopich, Barbara",MN,Minnesota,35,Write-In
2012_MN,2012,"Hoefling, Tom",MN,Minnesota,14,Write-In
2012_MN,2012,"Reed, Jill",MN,Minnesota,8,Write-In
2012_MN,2012,"Barnett, Andre",MN,Minnesota,4,Write-In
2012_MN,2012,"Christensen, Will",MN,Minnesota,1,Write-In
2012_MS,2012,"Romney, Mitt",MS,Mississippi,710746,Republican
2012_MS,2012,"Obama, Barack",MS,Mississippi,562949,Democratic
2012_MS,2012,"Johnson, Gary",MS,Mississippi,6676,Libertarian
2012_MS,2012,"Goode, Virgil",MS,Mississippi,2609,Constitution
2012_MS,2012,"Stein, Jill A.",MS,Mississippi,1588,Green
2012_MS,2012,"Washer, Barbara Dale",MS,Mississippi,1016,Reform
2012_MO,2012,"Romney, Mitt",MO,Missouri,1482440,Republican
2012_MO,2012,"Obama, Barack",MO,Missouri,1223796,Democratic
2012_MO,2012,"Johnson, Gary",MO,Missouri,43151,Libertarian
2012_MO,2012,"Goode, Virgil",MO,Missouri,7936,Constitution
2012_MT,2012,"Romney, Mitt",MT,Montana,267928,Republican
2012_MT,2012,"Obama, Barack",MT,Montana,201839,Democratic
2012_MT,2012,"Johnson, Gary",MT,Montana,14165,Libertarian
2012_MT,2012,"Anderson, Ross C. ""Rocky""",MT,Montana,59,Write-In
2012_MT,2012,"Goode, Virgil",MT,Montana,39,Write-In
2012_MT,2012,"Barr, Roseanne",MT,Montana,6,Write-In
2012_MT,2012,"Hoefling, Tom",MT,Montana,5,Write-In
2012_MT,2012,"Alexander, Stewart",MT,Montana,4,Write-In
2012_MT,2012,"Barnett, Andre",MT,Montana,2,Write-In
2012_MT,2012,"Logsdon, Alexis",MT,Montana,1,Write-In
2012_NE,2012,"Romney, Mitt",NE,Nebraska,475064,Republican
2012_NE,2012,"Obama, Barack",NE,Nebraska,302081,Democratic
2012_NE,2012,"Johnson, Gary",NE,Nebraska,11109,Libertarian
2012_NE,2012,"Terry, Randall A.",NE,Nebraska,2408,By Petition
2012_NV,2012,"Obama, Barack",NV,Nevada,531373,Democratic
2012_NV,2012,"Romney, Mitt",NV,Nevada,463567,Republican
2012_NV,2012,"Johnson, Gary",NV,Nevada,10968,Libertarian
2012_NV,2012,"Goode, Virgil",NV,Nevada,3240,Independent American  Party
2012_NH,2012,"Obama, Barack",NH,New Hampshire,369561,Democratic
2012_NH,2012,"Romney, Mitt",NH,New Hampshire,329918,Republican
2012_NH,2012,"Johnson, Gary",NH,New Hampshire,8212,Libertarian
2012_NH,2012,"Paul, Ron",NH,New Hampshire,1374,Write-In
2012_NH,2012,"Goode, Virgil",NH,New Hampshire,708,Constitution
2012_NH,2012,"Stein, Jill",NH,New Hampshire,324,Write-In
2012_NJ,2012,"Obama, Barack",NJ,New Jersey,2125101,Democratic
2012_NJ,2012,"Romney, Mitt",NJ,New Jersey,1477568,Republican
2012_NJ,2012,"Johnson, Gary",NJ,New Jersey,21045,Libertarian
2012_NJ,2012,"Stein, Jill",NJ,New Jersey,9888,Green
2012_NJ,2012,"Goode, Virgil",NJ,New Jersey,2064,Constitution
2012_NJ,2012,"Anderson, Ross C. (Rocky)",NJ,New Jersey,1724,New Jersey Justice Party
2012_NJ,2012,"Boss, Jeff",NJ,New Jersey,1007,NSA Did 911
2012_NJ,2012,"Harris, James",NJ,New Jersey,710,Socialist Workers Party
2012_NJ,2012,"Miller, Merlin",NJ,New Jersey,664,American Third Position
2012_NJ,2012,"Lindsay, Peta",NJ,New Jersey,521,Socialism and Liberation Party
2012_NM,2012,"Obama, Barack",NM,New Mexico,415335,Democratic
2012_NM,2012,"Romney, Mitt",NM,New Mexico,335788,Republican
2012_NM,2012,"Johnson, Gary",NM,New Mexico,27788,Libertarian
2012_NM,2012,"Stein, Jill",NM,New Mexico,2691,Green
2012_NM,2012,"Anderson, Ross C. ""Rocky""",NM,New Mexico,1174,New Mexico Independent Party
2012_NM,2012,"Goode, Virgil",NM,New Mexico,982,Constitution
2012_NY,2012,"Obama, Barack",NY,New York,4485741,"Democratic,Working Families"
2012_NY,2012,"Romney, Mitt",NY,New York,2490431,"Republican,Conservative"
2012_NY,2012,"Johnson, Gary",NY,New York,47256,Libertarian
2012_NY,2012,"Stein, Jill",NY,New York,39982,Green
2012_NY,2012,"Goode, Virgil",NY,New York,6274,Constitution
2012_NY,2012,"Lindsay, Peta",NY,New York,2050,Socialism and Liberation Party
2012_NY,2012,"Anderson, Ross C.",NY,New York,217,Write-In
2012_NY,2012,"Durham, Stephen",NY,New York,34,Write-In
2012_NY,2012,"Hoefling, Tom",NY,New York,34,Write-In
2012_NY,2012,"Harris, James",NY,New York,27,Write-In
2012_NY,2012,"White, Jerry",NY,New York,19,Write-In
2012_NY,2012,"Reed, Jill",NY,New York,12,Write-In
2012_NY,2012,"Miller, Merlin",NY,New York,6,Write-In
2012_NC,2012,"Romney, Mitt",NC,North Carolina,2270395,Republican
2012_NC,2012,"Obama, Barack",NC,North Carolina,2178391,Democratic
2012_NC,2012,"Johnson, Gary",NC,North Carolina,44515,Libertarian
2012_NC,2012,"Goode, Virgil",NC,North Carolina,534,Write-In
2012_ND,2012,"Romney, Mitt",ND,North Dakota,188163,Republican
2012_ND,2012,"Obama, Barack",ND,North Dakota,124827,Democratic-Nonpartisan League
2012_ND,2012,"Johnson, Gary",ND,North Dakota,5231,Libertarian
2012_ND,2012,"Stein, Jill",ND,North Dakota,1361,Green
2012_ND,2012,"Goode, Virgil",ND,North Dakota,1185,Constitution
2012_OH,2012,"Obama, Barack",OH,Ohio,2827710,Democratic
2012_OH,2012,"Romney, Mitt",OH,Ohio,2661433,Republican
2012_OH,2012,"Johnson, Gary",OH,Ohio,49493,Libertarian
2012_OH,2012,"Stein, Jill",OH,Ohio,18574,Green
2012_OH,2012,"Duncan, Richard",OH,Ohio,12502,Independent
2012_OH,2012,"Goode, Virgil",OH,Ohio,8151,Constitution
2012_OH,2012,"Alexander, Stewart",OH,Ohio,2944,Socialist Party USA
2012_OH,2012,"Vargo, Mike",OH,Ohio,12,Write-In
2012_OH,2012,"Reed, Jill",OH,Ohio,12,Write-In
2012_OH,2012,"Terry, Randall",OH,Ohio,7,Write-In
2012_OH,2012,"Daniels, Susan",OH,Ohio,1,Write-In
2012_OH,2012,"Keyton, Nelson",OH,Ohio,1,Write-In
2012_OK,2012,"Romney, Mitt",OK,Oklahoma,891325,Republican
2012_OK,2012,"Obama, Barack",OK,Oklahoma,443547,Democratic
2012_OR,2012,"Obama, Barack",OR,Oregon,970488,Democratic
2012_OR,2012,"Romney, Mitt",OR,Oregon,754175,Republican
2012_OR,2012,"Johnson, Gary",OR,Oregon,24089,Libertarian
2012_OR,2012,"Stein, Jill",OR,Oregon,19427,Pacific Green
2012_OR,2012,Miscellaneous,OR,Oregon,13275,Write-In
2012_OR,2012,"Christensen, Will",OR,Oregon,4432,Constitution
2012_OR,2012,"Anderson, Ross C. (Rocky)",OR,Oregon,3384,Progressive
2012_PA,2012,"Obama, Barack",PA,Pennsylvania,2990274,Democratic
2012_PA,2012,"Romney, Mitt",PA,Pennsylvania,2680434,Republican
2012_PA,2012,"Johnson, Gary",PA,Pennsylvania,49991,Libertarian
2012_PA,2012,"Stein, Jill",PA,Pennsylvania,21341,Green
2012_PA,2012,"Goode, Virgil",PA,Pennsylvania,383,Write-In
2012_PA,2012,"Hoefling, Tom",PA,Pennsylvania,28,Write-In
2012_RI,2012,"Obama, Barack",RI,Rhode Island,279677,Democratic
2012_RI,2012,"Romney, Mitt",RI,Rhode Island,157204,Republican
2012_RI,2012,"Johnson, Gary",RI,Rhode Island,4388,Libertarian
2012_RI,2012,"Stein, Jill",RI,Rhode Island,2421,Green
2012_RI,2012,"Paul, Ron",RI,Rhode Island,617,Write-In
2012_RI,2012,"Goode, Virgil",RI,Rhode Island,430,Constitution
2012_RI,2012,"Anderson, Ross C. ""Rocky""",RI,Rhode Island,416,Justice Party
2012_RI,2012,"Lindsay, Peta",RI,Rhode Island,132,Socialism and Liberation Party
2012_RI,2012,"Clinton, Hillary",RI,Rhode Island,64,Write-In
2012_RI,2012,"Mouse, Mickey",RI,Rhode Island,14,Write-In
2012_SC,2012,"Romney, Mitt",SC,South Carolina,1071645,Republican
2012_SC,2012,"Obama, Barack",SC,South Carolina,865941,Democratic
2012_SC,2012,"Johnson, Gary",SC,South Carolina,16321,Libertarian
2012_SC,2012,"Stein, Jill",SC,South Carolina,5446,Green
2012_SC,2012,"Goode, Virgil",SC,South Carolina,4765,Constitution
2012_SD,2012,"Romney, Mitt",SD,South Dakota,210610,Republican
2012_SD,2012,"Obama, Barack",SD,South Dakota,145039,Democratic
2012_SD,2012,"Johnson, Gary",SD,South Dakota,5795,Libertarian
2012_SD,2012,"Goode, Virgil",SD,South Dakota,2371,Constitution
2012_TN,2012,"Romney, Mitt",TN,Tennessee,1462330,Republican
2012_TN,2012,"Obama, Barack",TN,Tennessee,960709,Democratic
2012_TN,2012,"Johnson, Gary",TN,Tennessee,18623,Independent
2012_TN,2012,"Stein, Jill",TN,Tennessee,6515,Green
2012_TN,2012,"Goode, Virgil",TN,Tennessee,6022,Constitution
2012_TN,2012,"Anderson, Ross C. ""Rocky""",TN,Tennessee,2639,Independent
2012_TN,2012,"Miller, Merlin",TN,Tennessee,1739,Independent
2012_TX,2012,"Romney, Mitt",TX,Texas,4569843,Republican
2012_TX,2012,"Obama, Barack",TX,Texas,3308124,Democratic
2012_TX,2012,"Johnson, Gary",TX,Texas,88580,Libertarian
2012_TX,2012,"Stein, Jill",TX,Texas,24657,Green
2012_TX,2012,"Goode, Virgil",TX,Texas,1287,Write-In
2012_TX,2012,"Anderson, Rocky",TX,Texas,426,Write-In
2012_TX,2012,"Hoefling, Tom",TX,Texas,374,Write-In
2012_TX,2012,"Ayers, Avery",TX,Texas,209,Write-In
2012_TX,2012,"Alexander, Stewart",TX,Texas,162,Write-In
2012_TX,2012,"Hill, Thaddaus",TX,Texas,102,Write-In
2012_TX,2012,"Barnett, Andre N.",TX,Texas,87,Write-In
2012_UT,2012,"Romney, Mitt",UT,Utah,740600,Republican
2012_UT,2012,"Obama, Barack",UT,Utah,251813,Democratic
2012_UT,2012,"Johnson, Gary",UT,Utah,12572,Libertarian
2012_UT,2012,"Anderson, Ross C. ""Rocky""",UT,Utah,5335,Justice Party
2012_UT,2012,"Stein, Jill",UT,Utah,3817,Green
2012_UT,2012,"Goode, Virgil",UT,Utah,2871,Constitution
2012_UT,2012,"La Riva, Gloria",UT,Utah,393,Unaffiliated
2012_UT,2012,"Barr, Roseanne",UT,Utah,18,Write-In
2012_UT,2012,"Reed, Jill",UT,Utah,6,Write-In
2012_UT,2012,"Barnett, Andre",UT,Utah,5,Write-In
2012_UT,2012,"Christensen, Will",UT,Utah,5,Write-In
2012_UT,2012,"Myers, Justin",UT,Utah,2,Write-In
2012_UT,2012,"Durham, Stephen",UT,Utah,1,Write-In
2012_UT,2012,"Hykes, Darrell",UT,Utah,1,Write-In
2012_UT,2012,"Morstad, Dean",UT,Utah,1,Write-In
2012_VT,2012,"Obama, Barack",VT,Vermont,199239,Democratic
2012_VT,2012,"Romney, Mitt",VT,Vermont,92698,Republican
2012_VT,2012,"Johnson, Gary",VT,Vermont,3487,Libertarian
2012_VT,2012,"Anderson, Ross C. ""Rocky""",VT,Vermont,1128,Justice Party
2012_VT,2012,"Paul, Ron",VT,Vermont,717,Write-In
2012_VT,2012,"Lindsay, Peta",VT,Vermont,695,Socialism and Liberation Party
2012_VT,2012,"Stein, Jill",VT,Vermont,594,Write-In
2012_VT,2012,"Goode, Virgil",VT,Vermont,13,Write-In
2012_VT,2012,"Barr, Roseanne",VT,Vermont,9,Write-In
2012_VA,2012,"Obama, Barack",VA,Virginia,1971820,Democratic
2012_VA,2012,"Romney, Mitt",VA,Virginia,1822522,Republican
2012_VA,2012,"Johnson, Gary",VA,Virginia,31216,Libertarian
2012_VA,2012,"Goode, Virgil",VA,Virginia,13058,Constitution
2012_VA,2012,"Stein, Jill",VA,Virginia,8627,Green
2012_VA,2012,"Anderson, Ross C. ""Rocky""",VA,Virginia,76,Write-In
2012_VA,2012,"Reed, Jill",VA,Virginia,14,Write-In
2012_VA,2012,"Glean, Joseph A. / Darlene Herleikson",VA,Virginia,3,Write-In
2012_VA,2012,"Glean, Joseph A. / Jamie Johnson",VA,Virginia,1,Write-In
2012_VA,2012,"Tittle, Sheila ""Samm""",VA,Virginia,1,Write-In
2012_WA,2012,"Obama, Barack",WA,Washington,1755396,Democratic
2012_WA,2012,"Romney, Mitt",WA,Washington,1290670,Republican
2012_WA,2012,"Johnson, Gary",WA,Washington,42202,Libertarian
2012_WA,2012,"Stein, Jill",WA,Washington,20928,Green
2012_WA,2012,"Goode, Virgil",WA,Washington,8851,Constitution
2012_WA,2012,"Anderson, Ross C. ""Rocky""",WA,Washington,4946,Justice Party
2012_WA,2012,"Lindsay, Peta",WA,Washington,1318,Socialism and Liberation Party
2012_WA,2012,"Harris, James",WA,Washington,1205,Socialist Workers Party
2012_WV,2012,"Romney, Mitt",WV,West Virginia,417655,Republican
2012_WV,2012,"Obama, Barack",WV,West Virginia,238269,Democratic
2012_WV,2012,"Johnson, Gary",WV,West Virginia,6302,Libertarian
2012_WV,2012,"Stein, Jill",WV,West Virginia,4406,Mountain Party
2012_WV,2012,"Terry, Randall",WV,West Virginia,3806,No Party Affiliation
2012_WI,2012,"Obama, Barack",WI,Wisconsin,1620985,Democratic
2012_WI,2012,"Romney, Mitt",WI,Wisconsin,1407966,Republican
2012_WI,2012,"Johnson, Gary",WI,Wisconsin,20439,Independent
2012_WI,2012,"Stein, Jill",WI,Wisconsin,7665,Independent
2012_WI,2012,"Goode, Virgil",WI,Wisconsin,4930,Constitution
2012_WI,2012,"White, Jerry",WI,Wisconsin,553,Independent
2012_WI,2012,"La Riva, Gloria",WI,Wisconsin,526,Independent
2012_WI,2012,"Anderson, Ross C. ""Rocky""",WI,Wisconsin,112,Write-In
2012_WI,2012,"Barr, Roseanne",WI,Wisconsin,88,Write-In
2012_WY,2012,"Romney, Mitt",WY,Wyoming,170962,Republican
2012_WY,2012,"Obama, Barack",WY,Wyoming,69286,Democratic
2012_WY,2012,"Johnson, Gary",WY,Wyoming,5326,Libertarian
2012_WY,2012,"Goode, Virgil H.",WY,Wyoming,1452,Constitution